-12118420775e-19,-1232243138e-18,-12717057425e-19,-133089382e-17,-14129099525e-19,-151991647e-17,-16528742450000003e-25,-18113842250000003e-25,-1994948075e-18,-2208534075e-18,-24501256e-16,-25227875249999998e-25,-2635592875e-18,-2794904725e-18,-30060164e-16,-32682645750000003e-25,-35872204249999997e-25,-3962638549999999e-24,-4385479825e-18,-4865964625e-18,-54013686749999995e-25,-5619626275e-18,-593995465e-17,-63556945e-16,-68704853000000005e-25,-7466359125e-18,-8121222150000001e-24,-8801750349999999e-24,-9486591525e-18,-1014052695e-17,-10735302325e-18,-1134375064e-17,-1199597095e-17,-12652518899999998e-24,-1325487125e-17,-13748366275e-18,-14083184675e-18,-142259505e-16,-14162922650000003e-24,-13898050225000005e-24,-13451013575e-18,-13364454275000002e-24,-13078166225e-18,-12622036024999999e-24,-1202511325e-17,-11328439249999999e-24,-10573397375e-18,-9798412374999998e-24,-9037166075e-18,-8314631475e-18,-7649192074999999e-24,-6852778025e-18,-6108203049999999e-24,-54218999e-16,-479510983e-17,-422725616e-17,-37157312575e-19,-325741132e-17,-28483191150000002e-25,-24847509724999997e-25,-21628358415e-19,-17133735375e-19,-13035792024999999e-25,-9236084325e-19,-5671851667499999e-25,-22953006250000003e-26,9358840499999999e-26,4068140175e-19,716003545e-18,102626265e-17,13409250250000001e-25,18425156249999998e-25,234406725e-17,28513169749999995e-25,33651421999999997e-25,38847036e-16,4410320375e-18,49382113e-16,5466512475e-18,5983397025e-18,64813932749999995e-25,68153011e-16,70744467999999995e-25,7245652100000001e-24,73290784250000004e-25,7320869977499999e-24,7225012882499999e-24,7050719025e-18,68004314859999995e-25,6483880225e-18,61092032424999995e-25,56494555775e-19,5175807682499999e-24,46912368275e-19,42046304749999995e-25,37205920499999997e-25,324564138e-17,27808613125000005e-25,23280059550000004e-25,18878079125000003e-25,14602895625e-19,10919230915e-19,7386263675e-19,397670165e-18,65999665e-18,-25801074000000006e-26,-576346875e-18,-8909834949999999e-25,-12048598749999999e-25,-1516035825e-18,-18273424250000002e-25,-20768947999999997e-25,-23327542499999995e-25,-2599286575e-18,-28785522000000004e-25,-3168411625e-18,-34715765e-16,-3787937375e-18,-41142641499999995e-25,-4449134675e-18,-4789304775000001e-24,-51232092999999995e-25,-5482100625000001e-24,-5852678324999999e-24,-62335095e-16,-6614087674999998e-24,-69859602e-16,-7338733025e-18,-7659163125e-18,-79350436e-16,-815519145e-17,-8378190775000001e-24,-8545046525e-18,-8650470474999999e-24,-8692284050000001e-24,-86627938825e-19,-8565919775e-18,-8400862997500002e-24,-8173494600000002e-24,-78908324325e-19,-756445429e-17,-72939773250000005e-25,-698106595e-17,-66446908525e-19,-6291274777499999e-24,-59301721725e-19,-556775931e-17,-52109835700000005e-25,-48622891e-16,-452628123e-17,-42050818475e-19,-38924964775e-19,-3595692422500001e-24,-33178650899999997e-25,-30561673024999997e-25,-28112146624999995e-25,-25797059025e-19,-2362895115e-18,-21566547750000003e-25,-19622014524999997e-25,-17742035407499999e-25,-15813595200000001e-25,-1400931465e-18,-12289894175e-19,-10650659925e-19,-90749424e-17,-75428113e-17,-6050822724999999e-25,-459004465e-18,-3148190800000001e-25,-17319496999999999e-26,-10460224999999873e-28,1682724475e-19,33945485e-17,50970852725e-20,6800883e-16,8519828750000001e-25,10246522749999999e-25,119879805e-17,1375310625e-18,1556841925e-18,17296829e-16,1911081625e-18,2101584575e-18,22995292000000004e-25,2508512275e-18,2729873675e-18,29660714e-16,321921815e-17,348738655e-17,376711575e-17,407439735e-17,4394866e-15,4727177775e-18,50684736249999995e-25,54155942250000004e-25,576583585e-17,6113573e-15,6455274025000001e-24,6772681625e-18,7060663650000001e-24
3728578e-17,347828065e-19,26849680000000006e-27,19284137499999994e-27,12399592499999993e-27,53303720000000016e-28,-465836749999999e-26,-17599968999999988e-27,-31143317499999994e-27,-4635747575e-20,-626707025e-19,-1332938475e-19,-20434799000000001e-26,-2766337975e-19,-351979665e-18,-43346360000000003e-26,-5225474049999999e-25,-6211735100000001e-25,-7319519575e-19,-8558038575e-19,-99687166e-17,-12330139e-16,-1487314025e-18,-17638439500000002e-25,-20679850250000005e-25,-2404416575e-18,-27771889e-16,-3187149525e-18,-3633540525e-18,-4125836475e-18,-46527793999999995e-25,-5352690400000001e-24,-6056677875e-18,-677619825e-17,-74978435e-16,-8210046475e-18,-88883772e-16,-9508102825e-18,-10038335475e-18,-10452985949999999e-24,-107238133e-16,-10741720625e-18,-10590250174999999e-24,-10281663450000002e-24,-983280315e-17,-9267290625e-18,-86115085825e-19,-7894599166e-18,-7141913682500001e-24,-63768662025000005e-25,-56166251625e-19,-488041674375e-20,-4177660568500001e-24,-35111472325000005e-25,-28810911275e-19,-228616287e-17,-17233061525000003e-25,-118854162e-17,-6774928999999999e-25,-18573584749999998e-26,29087289499999997e-26,7031055075e-19,11051505e-16,150390305e-17,1902524325e-18,23050505499999998e-25,2713690525e-18,3132932775e-18,35641131999999998e-25,40098979e-16,44695753249999995e-25,4919922525e-18,53926861749999995e-25,588701855e-17,6395903624999999e-24,69108596000000006e-25,7418992175e-18,7903743875e-18,8347629225000001e-24,87312263e-16,90355772e-16,9308291900000002e-24,947925275e-17,95443908e-16,9498860949999999e-24,9342000372499999e-24,9081239450000001e-24,87275644e-16,82992496275e-19,7809479415e-18,72803985575e-19,6801074035000001e-24,6299975224999999e-24,57870621225e-19,52751628675e-19,47726181749999994e-25,4284484691e-18,381630901e-17,33684343199999995e-25,2942672575e-18,25391543225e-19,21516723499999998e-25,17906135575e-19,14505365575e-19,11285438975e-19,82184426e-17,5282092949999999e-25,2451352425e-19,-3002498749999999e-26,-301317927e-18,-56925907275e-20,-8367848875e-19,-11054321e-16,-13809684250000002e-25,-16639985749999996e-25,-1955800225e-18,-225796055e-17,-25729080999999998e-25,-29003334e-16,-324040755e-17,-35941224750000004e-25,-39536944499999996e-25,-43294170750000004e-25,-471549885e-17,-5108475825e-18,-550191175e-17,-588989165e-17,-6262073025000001e-24,-6614705e-15,-6933974875e-18,-72106440749999995e-25,-74574736925e-19,-7651316115e-18,-7785378479999998e-24,-7859527725e-18,-7869203555000001e-24,-78117037225e-19,-7691340465e-18,-75112065675e-19,-7278653606825e-21,-7000139775000001e-24,-6737320275e-18,-6440695012500001e-24,-61157698975e-19,-577389338e-17,-54238860475e-19,-507130605e-17,-472131743375e-20,-437731423125e-20,-40435388685e-19,-3721479902375e-21,-34159174149999997e-25,-3126696565e-18,-28524491625e-19,-259187199425e-20,-234459993e-17,-210902999e-17,-188473095525e-20,-167049857e-17,-14641224224999999e-25,-12636493925e-19,-10792327999999999e-25,-904380253e-18,-73433620125e-20,-5672573300000001e-25,-403165451e-18,-24129793075e-20,-8035873000000001e-26,81096672e-18,24215008999999997e-26,40292317000000005e-26,56167757e-17,723636525e-18,8893301999999999e-25,10581852500000002e-25,1231983925e-18,14108016000000002e-25,15959519e-16,17856027000000004e-25,19810152499999996e-25,21815674e-16,235129435e-17,25289935e-16,2719356e-15,29223406000000003e-25,3137467925e-18,33694177e-16,3615551374999999e-24,3878683475e-18,415374955e-17,44400998249999995e-25,47360009500000005e-25,50514648750000006e-25,53809584499999995e-25,57238508250000005e-25,6073727499999999e-24,6423096075e-18,6759510675e-18,7077158625e-18,7356444925e-18,7595955300000001e-24
1365693339e-18,131634276e-17,12981535447499998e-25,129994683e-17,132324083725e-20,137056004725e-20,144421640825e-20,15399698225e-19,16611322e-16,18065576749999997e-25,197088075e-17,18765478e-16,18245073375000001e-25,18075362174999999e-25,18285362125000002e-25,18842768425e-19,19803925e-16,211160705e-17,22823891749999998e-25,2493673975e-18,27459088e-16,24878790425e-19,22856530524999995e-25,21319343000000002e-25,20237272674999997e-25,19610147324999998e-25,19372961800000003e-25,19535478225e-19,2008621325e-18,2103429275e-18,2234506425e-18,14595933475e-19,7353760272500001e-25,3789579749999998e-26,-6410093175e-19,-130481545e-17,-19619340249999997e-25,-2613985e-15,-32669484249999997e-25,-39077573500000006e-25,-454490345e-17,-47652395e-16,-48834681625e-19,-4926411295e-18,-4890613197499999e-24,-47895026440000004e-25,-46303199375e-19,-44134757575e-19,-4143836675000001e-24,-3830652125e-18,-34746615725e-19,-27977269750000003e-25,-2139880805e-18,-15075092e-16,-9013132749999998e-25,-3195908275000001e-25,2407747625e-19,7816518259999999e-25,130657535e-17,18211737250000002e-25,2328315625e-18,268382155e-17,30639947999999998e-25,3464113825e-18,38815448e-16,4315641375e-18,47652225e-16,52302414999999996e-25,57070538e-16,6191584225e-18,6678372449999999e-24,7099589800000001e-24,75581541e-16,8038240224999998e-24,852320045e-17,8994821725e-18,942909055e-17,980491205e-17,10094993149999999e-24,10283072925e-18,10356621325e-18,10590317299999998e-24,10715005025e-18,1072304735e-17,1061570215e-17,10394065475e-18,1007228825e-17,9664869725e-18,91896113275e-19,8668486545e-18,81207480175e-19,76160141e-16,70894292e-16,65578208749999995e-25,60330204375e-19,5522686146e-18,5032460765e-18,45676348775e-19,41306587145e-19,37235841225000006e-25,33462574100000006e-25,2943282131e-18,25728144175000002e-25,22309359350000003e-25,1913083428925e-21,16169725775000002e-25,133923562e-17,10782859799999999e-25,8298515675000001e-25,5903330474999999e-25,3609717225e-19,7990428249999999e-26,-19493852500000002e-26,-4684043475e-19,-7417157425e-19,-1019625125e-18,-13028552750000001e-25,-15929094e-16,-18931124500000003e-25,-22026079e-16,-25230826749999995e-25,-28873425499999997e-25,-32590350500000004e-25,-36387568999999994e-25,-402705605e-17,-4420890225e-18,-48142692749999995e-25,-520491315e-17,-558704485e-17,-59492767e-16,-6281461025e-18,-65496529250000005e-25,-6769604949999999e-24,-693439998e-17,-70421228675e-19,-7086822845000001e-24,-70723245000000004e-25,-70008616e-16,-68712246500000004e-25,-6690409055000001e-24,-64629989775e-19,-6212295325e-18,-592888778e-17,-562031085e-17,-52961948525e-19,-4961652315e-18,-46235179925e-19,-42858809999999996e-25,-3951663255e-18,-36236414112500006e-25,-33050873200000003e-25,-30066713499999995e-25,-27227551039999997e-25,-24527295549999994e-25,-219346430425e-20,-19454510350000003e-25,-1708837965e-18,-14810931624999999e-25,-126309618e-17,-10519446500000002e-25,-8453650339999999e-25,-6680924500000001e-25,-493974355e-18,-32381527075e-20,-15361705250000004e-26,1536365825e-20,184185455e-18,353941965e-18,52637532e-17,7004880999999999e-25,878000475e-18,10273982749999999e-25,11853869249999998e-25,1348629975e-18,15157058912499998e-25,16887780625e-19,186957325e-17,2054524125e-18,22479668250000003e-25,24472494999999996e-25,2656229975e-18,28246739249999995e-25,30105931250000002e-25,3209209575e-18,34240288250000007e-25,3655053825e-18,3901897575e-18,4164575275e-18,44418153e-16,4725771824999999e-24,5021442625e-18,53130879750000005e-25,56196806e-16,594815695e-17,6291642774999999e-24,66411626999999995e-25,6988590850000001e-24,73197143999999995e-25,7620818425e-18,7881485625000001e-24,8089299550000001e-24
-4490468675000001e-24,-44751496750000005e-25,-454741915e-17,-4701677625e-18,-4939553550000001e-24,-525930425e-17,-56466966e-16,-6098777425e-18,-65994347500000005e-25,-7144277675e-18,-7711729725e-18,-7747630025000001e-24,-7936290825000001e-24,-8270591024999999e-24,-874071075e-17,-9332687775e-18,-10014363250000002e-24,-10743294975e-18,-11469600575e-18,-1214034285e-17,-12704345175000001e-24,-128627078e-16,-13257418299999999e-24,-13832378874999999e-24,-14507468325000001e-24,-15185046575e-18,-15767123475e-18,-16171300275000002e-24,-16337997050000004e-24,-16243700750000003e-24,-15896089575e-18,-16396888049999996e-24,-1695940395e-17,-17494027249999997e-24,-179020695e-16,-1811003625e-17,-18074734500000004e-24,-1779591575e-17,-17307383000000004e-24,-16663755500000003e-24,-15934809249999996e-24,-1576955775e-17,-15395920249999996e-24,-14855612500000003e-24,-14190084825e-18,-134514814e-16,-12693056224999998e-24,-11960626375e-18,-11291405125e-18,-1071202165e-17,-10240390424999999e-24,-9403529325e-18,-864376495e-17,-7974298024999999e-24,-7401960925000001e-24,-6929823900000001e-24,-6558849974999999e-24,-6287526975000001e-24,-61132969999999994e-25,-6032536924999999e-24,-6041710574999999e-24,-5552714375e-18,-5153248655e-18,-483597996e-17,-4593327685000001e-24,-44200835350000004e-25,-4311402085e-18,-4264342925e-18,-4275689849999999e-24,-4342733875e-18,-446369815e-17,-3902295795e-18,-339316659915e-20,-29299912925e-19,-25051362724999996e-25,-21132060250000004e-25,-17477791150000002e-25,-14055084275e-19,-1079014625e-18,-7628942374999999e-25,-450370185e-18,3846831999999999e-26,5221067925e-19,100795167125e-20,14836594999999999e-25,19447131749999998e-25,2385991875e-18,28032575999999997e-25,3187136624999999e-24,35364682499999997e-25,3845761975e-18,34740423675000006e-25,30871771924999997e-25,26923060475000002e-25,22988955685e-19,1908115245e-18,15222950985e-19,11429482275e-19,7710796549999999e-25,406309445e-18,49611835000000016e-27,-3025713165e-19,-650400125e-18,-9901732465e-19,-13245805750000002e-25,-1656389525e-18,-19823719500000003e-25,-23053307e-16,-262344465e-17,-2938594725e-18,-3252099400000001e-24,-3471436625e-18,-37071729500000002e-25,-39604449e-16,-42303033e-16,-451410215e-17,-4809198875e-18,-5115428124999999e-24,-542922635e-17,-57442997e-16,-60558160749999995e-25,-6368008350000001e-24,-67089489e-16,-70647852250000005e-25,-742772295e-17,-7789405025e-18,-8138466300000001e-24,-8459123400000003e-24,-8737683275e-18,-89583079e-16,-9106359175e-18,-9305748e-15,-9448067599999998e-24,-9525684875e-18,-9532723475e-18,-9468923225000001e-24,-93328905875e-19,-91295304975e-19,-8866041225000002e-24,-8554464699999998e-24,-820442135e-17,-7915772375000001e-24,-75861731e-16,-72341135e-16,-6866520400000001e-24,-6492506850000001e-24,-6120457355e-18,-57562216025e-19,-540421012e-17,-50682228825e-19,-47512984225e-19,-442702215e-17,-412243416425e-20,-38402390725e-19,-35781807325000003e-25,-33353685875e-19,-3110435815e-18,-290173825e-17,-2708863657e-18,-2529286743e-18,-23622871975e-19,-216152396825e-20,-1976150975e-18,-1804461515e-18,-1644065185e-18,-14940757875000004e-25,-13536603625e-19,-12214665125e-19,-10972423125e-19,-9784854175000001e-25,-8653730130000001e-25,-6877756025000001e-25,-5172349769999999e-25,-3499349875e-19,-18586043750000003e-26,-25436324999999974e-27,1332251825e-19,28764806250000004e-26,43762601e-17,5857738925000001e-25,7382243999999999e-25,9188741e-16,11043336500000002e-25,1295682075e-18,148894125e-17,16849399500000002e-25,18852875250000003e-25,20937119e-16,231268195e-17,2545872775e-18,27935467000000003e-25,31235928000000004e-25,34596923e-16,3805040675e-18,4161272775e-18,4518520625e-18,48794244249999994e-25,52337547999999995e-25,55831765e-16,59177602750000005e-25,622900585e-17
-100160425e-16,-990913245e-17,-10014392125e-18,-10299520999999999e-24,-10739431225e-18,-11300632499999998e-24,-1193935875e-17,-125985395e-16,-1321932175e-17,-13744317725e-18,-14121009800000001e-24,-14084273699999998e-24,-14324144725000002e-24,-14783517750000001e-24,-15376613e-15,-15999505e-15,-1654670495e-17,-16927308749999995e-24,-17081046999999998e-24,-16975452525e-18,-16622202125e-18,-16705633574999998e-24,-17075912749999998e-24,-176694865e-16,-18357204250000003e-24,-1899520475e-17,-19449437999999998e-24,-196239795e-16,-19476797e-15,-19015226999999998e-24,-18313667e-15,-18735269250000003e-24,-1925084075e-17,-19737882e-15,-20054546250000002e-24,-2011632625e-17,-2000621575e-17,-19339555249999998e-24,-18307563999999998e-24,-1744085125e-17,-16634061e-15,-1639149725e-17,-1598554975e-17,-1543762975e-17,-14778488750000001e-24,-1405778325e-17,-13324797e-15,-12622412e-15,-119853845e-16,-1143768725e-17,-10993907000000001e-24,-10162812e-15,-9413881524999998e-24,-8762983924999999e-24,-822141885e-17,-779354185e-17,-7480867225e-18,-7282177525000001e-24,-71948869000000004e-25,-7214508625000001e-24,-7335981e-15,-68352086e-16,-6441055074999999e-24,-61463183e-16,-5945733950000001e-24,-583365555e-17,-5804179025000001e-24,-58534212e-16,-5973726124999999e-24,-61605182750000004e-25,-640588025e-17,-582730328e-17,-53223211174999995e-25,-48832306775e-19,-450519463e-17,-41816618775e-19,-39089168125e-19,-36820545500000003e-25,-34966801424999997e-25,-33469585402499995e-25,-32318732299999992e-25,-2695474875e-18,-21599706e-16,-16108616475e-19,-10564324e-16,-50479255e-17,4160206749999996e-26,5803720700000001e-25,1106792795e-18,16243365129999998e-25,212693005e-17,1803470925e-18,1470534e-15,1141134525e-18,8180984600000001e-25,501612009e-18,19439671924999998e-26,-10437030300000001e-26,-39325205e-17,-67259315e-17,-940037475e-18,-12587695999999999e-25,-15783388749999998e-25,-18942337e-16,-22038835500000003e-25,-25083215000000004e-25,-280920305e-17,-3106686575e-18,-34017342e-16,-36949582750000005e-25,-3988669825e-18,-420085755e-17,-4436698099999999e-24,-4691426325e-18,-49631734e-16,-5250792349999999e-24,-5550508975e-18,-5858299700000001e-24,-6169061525e-18,-6475273124999999e-24,-6774243300000001e-24,-7074992574999999e-24,-7410181449999999e-24,-7765388775e-18,-8127231924999999e-24,-8484319225e-18,-8822160600000001e-24,-9124598275e-18,-9373232325e-18,-9551106124999998e-24,-9647532825e-18,-9835348025e-18,-995962085e-17,-10019884949999999e-24,-1000917575e-17,-99246645e-16,-97653438e-16,-9539352575e-18,-9254905975e-18,-8924230425e-18,-8559925725e-18,-8258899025e-18,-791965245e-17,-75579747e-16,-71823338749999995e-25,-6802474900000002e-24,-642646415e-17,-6060110795000001e-24,-57092043e-16,-53772935574999995e-25,-50672007e-16,-4736597497500001e-24,-442862339e-17,-41445537425e-19,-3882715025e-18,-36417411124999996e-25,-34208698375e-19,-32188247249999993e-25,-30340766722500005e-25,-28664112605e-19,-271318455025e-20,-250682232e-17,-232166074e-17,-21508219225e-19,-1994958556e-18,-18522715375e-19,-172181992625e-20,-16020639715e-19,-14927980024999998e-25,-1391912645e-18,-1297528275e-18,-11160966425e-19,-9464880490000002e-25,-7852356200000001e-25,-631918045e-18,-48556561e-17,-3446191475e-19,-2089212495e-19,-7904994e-17,478187325e-19,17548656475e-20,369793935e-18,5631273325000001e-25,75695213e-17,949968125e-18,1142311625e-18,13374837000000002e-25,15363517499999997e-25,173877325e-17,1949256625e-18,2169981075e-18,25080653e-16,284682175e-17,31915028749999997e-25,3539632349999999e-24,38968458000000006e-25,4252786725e-18,461219475e-17,49684636e-16,5315352425e-18,56460413e-16
3901064725e-18,38380031575e-19,3858045775e-18,3949791665e-18,4116011588e-18,435472735e-17,4671013150000001e-24,50499877e-16,54825527e-16,596013595e-17,6477227949999999e-24,6376334474999999e-24,6399736575e-18,6547753900000001e-24,6819596524999999e-24,721403805e-17,7719073624999999e-24,8319482425e-18,8992798350000001e-24,9708571775e-18,10427388125e-18,10125754275e-18,10055216600000001e-24,101999536e-16,10547800625e-18,11076005500000001e-24,11746907600000001e-24,12506264999999998e-24,13287463025000001e-24,14013116025e-18,14601439525000001e-24,13718247000000003e-24,13085932975e-18,12702660650000002e-24,12566538974999999e-24,12666157475e-18,12976560675e-18,13459055474999999e-24,14063654750000001e-24,1472315625e-17,1536090375e-17,14661371625e-18,13856137075000002e-24,12952394070000003e-24,12005208875e-18,110701423975e-19,101964803975e-19,941758191275e-20,8757024612500001e-24,822575219e-17,7824808195e-18,8326575749999999e-24,883636925e-17,9303712525e-18,96995959e-16,9992533550000002e-24,1016101585e-17,1018563765e-17,10063385425000001e-24,9802364799999998e-24,9426416410499999e-24,97202995e-16,10088937350000001e-24,10500547525e-18,10928192099999999e-24,1133972535e-17,11706425175e-18,11996649200000002e-24,12183091450000001e-24,12244820250000003e-24,12176259549999999e-24,125272335e-16,12925868225e-18,13330623550000002e-24,13697547250000002e-24,13984668450000002e-24,141575833e-16,14192708475e-18,140816729e-16,13833539100000002e-24,134666937e-16,13603200650000001e-24,13625647774999999e-24,13517543200000002e-24,1327769655e-17,12919390250000001e-24,12465173274999998e-24,11944142375e-18,11387013499999999e-24,10823154375e-18,1027972595e-17,9710133899999999e-24,91323272e-16,8562778e-15,801578865e-17,7502171750000001e-24,7032229975e-18,6611916625e-18,6245577124999999e-24,59358524999999995e-25,568365495e-17,5241627629999999e-24,48532504475e-19,4513176235e-18,4219128612499999e-24,39687028375e-19,3759022415e-18,35864819550000003e-25,34489509260000006e-25,3344050831999999e-24,32698395775000006e-25,29517471749999998e-25,26720956425e-19,2424976005e-18,22042655175000002e-25,20075385525e-19,18298695099999997e-25,16692248555e-19,15177237025000003e-25,13756765594999999e-25,1238479475e-18,8257879003499999e-25,41738471049999997e-26,10920402499999991e-27,-39645973975000004e-26,-79949828e-17,-12037289e-16,-16086241499999998e-25,-2015112625e-18,-2424175675e-18,-28371423e-16,-31752136999999998e-25,-3476213225e-18,-3744430125e-18,-398305825e-17,-4191766175e-18,-43712083e-16,-4512825924999999e-24,-461819458e-17,-4684146955e-18,-4712694167500001e-24,-450000915225e-20,-4263735055999999e-24,-40112103925e-19,-3745445762499999e-24,-3468948075e-18,-31857160300000003e-25,-28980263500000003e-25,-26098074499999997e-25,-23220503050000003e-25,-2035573745e-18,-17619808025e-19,-1496572235e-18,-12400097392500001e-25,-9912007999999999e-25,-75204353e-17,-52238820375e-20,-29919141275000005e-26,-79677917075e-21,13697171e-17,3537499775e-19,4961739605000001e-25,653019462e-18,815280751e-18,98314535e-17,115353615e-17,1329208075e-18,1509240575e-18,1690964435e-18,1877488925e-18,2067238425e-18,2201433575e-18,235028055e-17,251054655e-17,26801006999999997e-25,2859933425e-18,3049802925e-18,32475369750000004e-25,34534869499999993e-25,36698789750000002e-25,3890859225e-18,4036929150000001e-24,4209106299999999e-24,4407148475e-18,462607815e-17,4869755075e-18,5136135575e-18,54193060499999995e-25,5718262025e-18,6021138625e-18,6325004649999999e-24,6594162624999999e-24,68936854e-16,72166658499999996e-25,7553321649999999e-24,7892163225e-18,8220947725e-18,8523427725e-18,8783145875e-18,8981952350000001e-24,9116086475000001e-24
334766758025e-20,3238934645e-18,32158486059249998e-25,32601623825e-19,33687363499999998e-25,3537563025000001e-24,3766910425e-18,40550273e-16,4401104975000001e-24,4803512224999999e-24,5261156550000001e-24,51581230250000005e-25,51654675e-16,527439185e-17,54840361000000004e-25,5799440875e-18,6212920349999999e-24,6717636549999999e-24,7299820725e-18,7941226275e-18,8624405175e-18,83247624125e-19,8212270775e-18,8278161525e-18,8512994175000003e-24,8908268475e-18,9450540225e-18,10111558225e-18,1086317995e-17,11656696025000001e-24,12433656499999999e-24,115605391e-16,10905400825e-18,10455686575e-18,10211535975e-18,10163868174999998e-24,10303320225000001e-24,106125157e-16,11067694650000001e-24,1163867525e-17,12278904249999997e-24,11666734049999998e-24,109646187e-16,1017185375e-17,9314277045e-18,8427047024999999e-24,7542098175e-18,668388335e-17,58679739749999996e-25,5105320175e-18,43988586924999995e-25,4927863025000001e-24,5455241975e-18,59673323e-16,644918175e-17,6887443e-15,7270554225e-18,7580337849999998e-24,7809614675000001e-24,7947639675e-18,79846771e-16,8300724600000001e-24,868160895e-17,9104835875000001e-24,9550163175e-18,999445975e-17,104092e-13,10767221549999998e-24,110428389e-16,11217168249999999e-24,11273301775000001e-24,11640001825000001e-24,12055151449999999e-24,1247729005e-17,12868086174999999e-24,13191393525e-18,13411315049999999e-24,135054222e-16,13459758124999999e-24,13275470949999999e-24,12968692474999998e-24,13119989375000002e-24,1315652265e-17,13066577125e-18,12848060899999998e-24,12511002000000001e-24,12077163149999998e-24,11572702175e-18,110270663e-16,10468081425e-18,9920794675e-18,9357404025000001e-24,8786566275000001e-24,822212645e-17,7676635449999999e-24,7160920149999999e-24,66843271000000005e-25,6252373250000001e-24,5869868825e-18,5537985500000001e-24,52580545e-16,48204078195e-19,4432873032499999e-24,4090575243999999e-24,37898880175e-19,35284456399999993e-25,330342041125e-20,31117652525000004e-25,295025966e-17,28153518025e-19,2705232928e-18,23926764425e-19,21131793200000002e-25,18609818749999997e-25,16299020829999997e-25,1416567855e-18,12196520910000002e-25,10325954724999998e-25,8522952575000001e-25,6768982275e-19,50442507e-17,9937423500000002e-26,-30530082249999996e-26,-7115939425e-19,-11206396249999998e-25,-15338281249999999e-25,-1949204725e-18,-23671100749999997e-25,-27862933750000006e-25,-320870325e-17,-36357546250000002e-25,-3960210575e-18,-4249369075e-18,-450503265e-17,-472438425e-17,-4902713099999999e-24,-50393871749999994e-25,-513723024325e-20,-51846630075e-19,-518382865525e-20,-51413646700000005e-25,-49134899500000006e-25,-4663588024999999e-24,-43947026875e-19,-41100011989999995e-25,-3818032255183e-21,-351968987025e-20,-32197777799999994e-25,-29191076049e-19,-2619975665e-18,-23232562225e-19,-20432511800000002e-25,-177226771e-17,-1510368205e-18,-12572507250000002e-25,-10121351725e-19,-7742144225e-19,-5441776050000001e-25,-32099845625000005e-26,-993760825e-19,12021258249999997e-26,2745380925e-19,4353409489999999e-25,5989878425000001e-25,7661222975000001e-25,9376408365e-19,11121058225000002e-25,1289618645e-18,146980122e-17,165374891e-17,18425391749999999e-25,19750001e-16,2119492025e-18,2272234575e-18,2431457475e-18,2601119825e-18,27808210750000003e-25,29693061249999995e-25,31691826e-16,33762851e-16,35918376000000003e-25,3735287075e-18,39062786e-16,4099963249999999e-24,43167995500000005e-25,4556749125e-18,4818086825e-18,5093531125000001e-24,53864998749999995e-25,5688992675e-18,5996826375e-18,6271999950000001e-24,6574391224999999e-24,6898643400000001e-24,7239034749999999e-24,7583701074999999e-24,7920734175e-18,8234868999999999e-24,8508711800000001e-24,87294614e-16,8882443e-15
-158177023e-17,-15533477425e-19,-15685350699999998e-25,-16151377244999999e-25,-16906628174999998e-25,-17971260875000002e-25,-19357648625e-19,-210831015e-17,-2315145075e-18,-255588895e-17,-28300667749999997e-25,-28942009e-16,-30079102250000003e-25,-31715481999999997e-25,-33899814249999995e-25,-36634412000000003e-25,-3996067275e-18,-4378134575e-18,-481752925e-17,-53077266750000004e-25,-5852676675e-18,-6052010125e-18,-63671376250000005e-25,-67900474250000006e-25,-73184395750000005e-25,-7925593925e-18,-859738415e-17,-9299988550000001e-24,-99924783e-16,-106483395e-16,-112267028e-16,-11837424225e-18,-12488933275000002e-24,-13137320475e-18,-13720604225000001e-24,-14178431774999998e-24,-14459276800000001e-24,-14539677575e-18,-14406549925e-18,-140731608e-16,-13566352024999999e-24,-13484794750000001e-24,-13198902524999999e-24,-12744234225e-18,-12149956475e-18,-11456884325e-18,-10706635299999999e-24,-99379021e-16,-9183706425000001e-24,-8469879875e-18,-7815147475e-18,-7014777975000001e-24,-626880655e-17,-55828456749999995e-25,-4958336675e-18,-4394887985e-18,-389011166e-17,-34406595975000003e-25,-30428996658999998e-25,-26932460050000003e-25,-2387770765e-18,-193414108e-17,-15222790275000003e-25,-11432160572500001e-25,-789921705e-18,-45749867749999997e-26,-14117684750000004e-26,16374519750000001e-26,462202325e-18,7595198174999999e-25,10599755000000001e-25,156491975e-17,206912355e-17,25763870000000003e-25,30905738e-16,36108126000000003e-25,4135706075e-18,4667094325e-18,5200298249999999e-24,572436225e-17,6233949999999999e-24,6577631900000001e-24,68471069e-16,7032349675e-18,7129665274999999e-24,71334470025e-19,705199279e-17,68919149025e-19,6658009725e-18,63569083250000004e-25,6002387725e-18,55407606e-16,50661188e-16,45826176275e-19,4097907505e-18,36168289499999995e-25,314381472e-17,26803269925000004e-25,22283930677500003e-25,178811568e-17,13597850400000002e-25,99080628e-17,6367426025e-19,294521775e-18,-38996172500000005e-27,-36542285500000007e-26,-6871388882499999e-25,-10058030750000001e-25,-1323499425e-18,-16395806999999998e-25,-19560557e-16,-22046125500000003e-25,-2459841225e-18,-27268503999999997e-25,-3006326725e-18,-32979941249999994e-25,-36055826000000007e-25,-3925576025e-18,-4255924775000001e-24,-459406375e-17,-49365236e-16,-52694032e-16,-5624512000000001e-24,-59942623249999994e-25,-636887865e-17,-6744103524999999e-24,-7111315325e-18,-745845425e-17,-7772957525000001e-24,-8042020575000001e-24,-8252770625e-18,-8477460049999999e-24,-864354115e-17,-87481022e-16,-8785974725e-18,-875371000275e-20,-8649751485e-18,-8477545634e-18,-8242893265e-18,-7953783575e-18,-762141632e-17,-7349962950000001e-24,-7039674197499999e-24,-6703543050000001e-24,-6349347545e-18,-598812393e-17,-56252082899999995e-25,-526721458925e-20,-49185373424999995e-25,-4583138212500001e-24,-42627682274999996e-25,-39508015525e-19,-36545825500000004e-25,-3376895404999999e-24,-311654903475e-20,-28716790000000003e-25,-26427534575e-19,-2426557225e-18,-2224377765e-18,-20320721725e-19,-18483710375e-19,-165397583e-17,-14724091475e-19,-13001192125e-19,-11356793000000001e-25,-9781591349999998e-25,-826289605e-18,-6783721575e-19,-5333552104000001e-25,-39147298700000004e-26,-2519315175e-19,-7975864724999999e-26,9044487915e-20,26067133500000004e-26,431177605e-18,6014619639999999e-25,7731013300000001e-25,9451282749999999e-25,11169473000000001e-25,1292111575e-18,14718339e-16,164954005e-17,1834996e-15,20252034500000003e-25,22249171249999997e-25,2433055975e-18,2654516975e-18,28900907999999997e-25,31421238250000003e-25,3408353625e-18,36866690500000006e-25,399906775e-17,43214628000000006e-25,465319305e-17,4999297324999999e-24,53524740499999995e-25,5708501400000001e-24,60629769999999995e-25,6406376799999999e-24,67283912500000006e-25,7020861274999999e-24
-13517730925e-19,-13516907475e-19,-13834170845e-19,-144264964125e-20,-152957918e-17,-16451171575000002e-25,-17898837250000002e-25,-196093855e-17,-21583031249999996e-25,-238541505e-17,-26443342250000006e-25,-2698076575e-18,-2802677475e-18,-2960950375e-18,-31731817e-16,-34379744e-16,-37609744249999994e-25,-41371279499999995e-25,-457755695e-17,-5071239574999999e-24,-5613731925e-18,-58289215e-16,-6149305275000001e-24,-65745113e-16,-70995374000000005e-25,-7705927575e-18,-8370031299999998e-24,-9059690175e-18,-9744333950000001e-24,-10395621000000001e-24,-10972818049999999e-24,-11573601599999999e-24,-12226408475e-18,-12882706500000001e-24,-13481471025000002e-24,-13963421600000001e-24,-14282991224999999e-24,-14411297199999996e-24,-14329053375e-18,-1404571165e-17,-135837154e-16,-134950716e-16,-13203052425000001e-24,-12740070675000001e-24,-12137466174999997e-24,-11435006749999999e-24,-10676012875e-18,-9898483925e-18,-9137052675e-18,-8416884525e-18,-7756813624999998e-24,-6957935525e-18,-6213184699999999e-24,-55271522e-16,-49021251e-16,-43375431425e-19,-38313380799999994e-25,-33796448509999998e-25,-29791382675000005e-25,-2625906255e-18,-2316140965e-18,-186478245425e-20,-14557568694999998e-25,-107826102425e-20,-7263302375e-19,-39481524075e-20,-7939056999999996e-26,22398872249999996e-26,5211241e-16,8172707894999998e-25,1115727625e-18,1619398575e-18,21206194e-16,26272069e-16,31387405249999996e-25,3656386074999999e-24,41800700250000004e-25,47091420749999996e-25,5235916125e-18,5757642774999999e-24,6263390525e-18,660482745e-17,6872241200000001e-24,705702615e-17,715096164e-17,7155828614999999e-24,70715361605e-19,6906918837500001e-24,6666912370000002e-24,6361582774999999e-24,5998522975e-18,55394287014999996e-25,50678832275e-19,45863104800000005e-25,4103229150000001e-24,36231373674999997e-25,3150844475e-18,2688763965e-18,22377255075e-19,17977806375000004e-25,1369486625e-18,10016835825e-19,649155815e-18,30869037e-17,-22624893749999998e-27,-3464908645e-19,-6645034354999999e-25,-979547175e-18,-1292331675e-18,-1602641375e-18,-19146477e-16,-2164345125e-18,-24196161250000004e-25,-268578235e-17,-296362535e-17,-32551422749999995e-25,-35592770999999996e-25,-3878000375e-18,-42053881249999995e-25,-45417286e-16,-4886365024999999e-24,-5217438224999999e-24,-557542435e-17,-59467993e-16,-6327256050000001e-24,-67083791000000005e-25,-7080710824999999e-24,-7431664775000001e-24,-7750095825e-18,-8023450125e-18,-8236327075e-18,-8457926400000002e-24,-8624416175e-18,-8730075075e-18,-8769516275000001e-24,-8738720382499998e-24,-8639126500000001e-24,-8473163424999999e-24,-8243002025e-18,-7959340174999999e-24,-7632897424999999e-24,-7355263365e-18,-703947306e-17,-6701519255e-18,-6347782437499999e-24,-5987194550000001e-24,-562618239e-17,-52694564675e-19,-4922942064999999e-24,-4589029832499999e-24,-42700321175e-19,-395747062e-17,-366058058e-17,-33832818322499995e-25,-31225288182500002e-25,-287859293e-17,-26487518375000004e-25,-2433956455e-18,-223073181e-17,-20386088769999998e-25,-18541272599999999e-25,-166146127e-17,-148095776e-17,-13097406935e-19,-11463881976499998e-25,-9893133300000003e-25,-837544285e-18,-69138135e-17,-5474322525e-19,-40681131250000007e-26,-2695180385e-19,-9734414450000001e-26,7215802750000001e-26,2423816125e-19,4120226999999999e-25,5815583474999999e-25,7517453564999999e-25,9220512e-16,1092172775e-18,1265843325e-18,14436081250000002e-25,1616876725e-18,17982033250000003e-25,1987085975e-18,21817395250000002e-25,2387323625e-18,26021825e-16,28309304e-16,30746316750000007e-25,33316635749999995e-25,36014712000000004e-25,3912181975e-18,423635645e-17,45708276e-16,4916309975e-18,5268729425e-18,562315135e-17,5979117474999999e-24,6318590299999999e-24,6639259199999999e-24,69284641749999996e-25
-2765183775e-18,-27765609499999997e-25,-28413606500000004e-25,-29550397e-16,-31217147750000002e-25,-33369143250000004e-25,-35970483000000004e-25,-3908328324999999e-24,-4257413725e-18,-4657680974999999e-24,-5097462625e-18,-51414071e-16,-52899797e-16,-5540257525e-18,-588788405e-17,-6330760125000001e-24,-6854457525e-18,-7446803300000001e-24,-8077959175e-18,-872701275e-17,-9358285025e-18,-9556147475e-18,-992219235e-17,-10447587775000001e-24,-11097593999999999e-24,-11830531275e-18,-12579519174999998e-24,-132753424e-16,-13853576524999999e-24,-14251225750000001e-24,-14433434675000002e-24,-14979214925e-18,-15571381825000002e-24,-16137864e-15,-16585452500000003e-24,-16845651500000004e-24,-16876879324999998e-24,-16669294575e-18,-16246907750000003e-24,-15654179325e-18,-149507301e-16,-14821340299999998e-24,-14484933325000003e-24,-13981919825000002e-24,-13347759950000004e-24,-12630041849999999e-24,-1187513425e-17,-11127061300000002e-24,-1042144125e-17,-97841941e-16,-9234079025e-18,-8406570525e-18,-7646538725000001e-24,-69642202e-16,-6362952950000001e-24,-584489065e-17,-54089147749999995e-25,-5053289275e-18,-477542655e-17,-4571821224999999e-24,-4439894725e-18,-3964210600000001e-24,-35581737125000005e-25,-321220283725e-20,-29186566275e-19,-267176303e-17,-246833779e-17,-230322755e-17,-21779804199999998e-25,-20851305055e-19,-202477293175e-20,-14908925249999998e-25,-987398865e-18,-507271515e-18,-4620892875000001e-26,404465725e-18,85070071e-17,130142955e-17,175927455e-17,22285636e-16,27093895e-16,31314546000000006e-25,35193125e-16,3871167050000001e-24,41816012750000005e-25,4437441675e-18,46360711000000005e-25,4771810575e-18,48506701925e-19,486889291325e-20,4824434819999999e-24,44115619775e-19,39798637925e-19,3539376085e-18,3096673827575e-21,26567459074999998e-25,222198935e-17,17924054499999998e-25,1369436685e-18,95265470925e-20,5423683425e-19,17539751274999998e-26,-18270205500000003e-26,-5329852125e-19,-8773017999999999e-25,-12185722750000002e-25,-1556207275e-18,-1892040975e-18,-22248891000000003e-25,-25579753749999997e-25,-28907055249999996e-25,-31205115249999997e-25,-33661641250000004e-25,-36261832249999998e-25,-390242735e-17,-4194331349999999e-24,-4497952574999999e-24,-4812919599999999e-24,-5134976725000001e-24,-5459774925e-18,-5783070725000001e-24,-6098934975e-18,-644142525e-17,-6799522825e-18,-7165317724999999e-24,-75284093e-16,-7879778750000002e-24,-8203902725e-18,-8487299075e-18,-8715108875000002e-24,-887464735e-17,-907805445e-17,-9226920200000002e-24,-9313203774999999e-24,-9330235975e-18,-92776514e-16,-915434405e-17,-8964521900000001e-24,-8714322649999999e-24,-84153353e-16,-8078139e-15,-77905924575e-19,-74667461125e-19,-71178127e-16,-6753478119999999e-24,-6382998265000001e-24,-6013140155e-18,-5650040424999999e-24,-52987596075e-19,-4962107425e-18,-4643625771500001e-24,-43232239949999996e-25,-4021598400999999e-24,-374095461125e-20,-34797261725e-19,-32364464449999997e-25,-3009840385e-18,-27987646325e-19,-26024449975e-19,-24202238755e-19,-22478848975e-19,-20491484325e-19,-18647840725000004e-25,-16923311175e-19,-15311113023249999e-25,-13791125675e-19,-12358449483e-19,-10993882675e-19,-9696803074999999e-25,-8455036849999998e-25,-724799465e-18,-5473081775e-19,-3757773975e-19,-206224215e-18,-3933717750000001e-26,12579166499999998e-26,2901571535e-19,45177185975000006e-26,6092760675e-19,7653127250000001e-25,927340275e-18,11066606500000002e-25,12901332000000002e-25,14770140499999999e-25,16697512750000001e-25,18623340249999998e-25,20631234249999997e-25,22732306500000002e-25,24968320249999998e-25,2734307775e-18,29899025749999998e-25,331921895e-17,3653114175e-18,39941968249999995e-25,4342147e-15,4700130599999999e-24,5059260125e-18,5411127575e-18,575335375e-17,60732185499999985e-25,6371759700000001e-24
11595343350000002e-25,1101808515e-18,10723426649999998e-25,1062408495e-18,10737511850000001e-25,11063678025e-19,11623218017500002e-25,12420375675000002e-25,13411289875e-19,14571386875e-19,15908976675e-19,15049820379999998e-25,1457595405e-18,14415678725e-19,1456276095e-18,15012408725e-19,1576196025e-18,16819301249999998e-25,181865628e-17,19855390334999995e-25,21853794675e-19,194071521e-17,17427484649999997e-25,15846762074999999e-25,14641324149999999e-25,13757835770000002e-25,13179573625e-19,12883345325e-19,12831444989250002e-25,13013827600000002e-25,13435256699999997e-25,5813556224999999e-25,-13909219275e-20,-83759005e-17,-15262780999999998e-25,-22084278499999997e-25,-2885331875e-18,-35563455000000002e-25,-422681395e-17,-489828705e-17,-5567560425e-18,-5750484024999999e-24,-58310851975e-19,-58119661657500004e-25,-5708098695e-18,-55237644e-16,-52617808749999995e-25,-49359954149999994e-25,-4549849465e-18,-4115129402499999e-24,-36384504499999993e-25,-29562361149999995e-25,-22912973800000005e-25,-16506332e-16,-10360817400000001e-25,-44470092499999996e-26,12606660499999998e-26,6799077875e-19,1220080725e-18,17512040250000002e-25,227455e-14,2643915425e-18,303466085e-17,3442808075e-18,38682531e-16,43089480249999995e-25,476425875e-17,5234131375000001e-24,5716184e-15,6204080249999999e-24,6693351099999999e-24,7117718875e-18,7578209325000001e-24,8061027374999999e-24,854912735e-17,9022284825e-18,9459226225e-18,983461485e-17,101278035e-16,10318001850000002e-24,10392970575000001e-24,10627929875e-18,10753102975000001e-24,10762571025e-18,10656504105e-18,104347240975e-19,1010986895e-17,969807585e-17,9219290502500001e-24,869496441e-17,81446035875e-19,7638464825e-18,71122866249999986e-25,6582139015000001e-24,6057535787499999e-24,55481739724999995e-25,50595882925e-19,4597058747e-18,4162529545e-18,37581906675e-19,33837523749999995e-25,297925563125e-20,260803509e-17,22655009475e-19,19476427774999997e-25,16515719624999995e-25,137464363025e-20,11144769574999998e-25,8672332025000001e-25,6303982500000001e-25,40110922249999997e-26,1170376025e-19,-15592345e-17,-42850025750000003e-26,-7012828625e-19,-978186925e-18,-12593519e-16,-1548089575e-18,-18464004e-16,-2154014925e-18,-2471045225e-18,-28336644499999997e-25,-32059324250000003e-25,-35871664e-16,-39759342750000005e-25,-4369633825000001e-24,-47646601750000004e-25,-51576428250000005e-25,-55394632000000004e-25,-5902663375000001e-24,-6240770775000001e-24,-651267665e-17,-672906595e-17,-689346079e-17,-6996910720000001e-24,-7043503502425e-21,-703011227e-17,-6957624350000001e-24,-68309033749999995e-25,-6654510417500001e-24,-64315513825e-19,-6179178137499999e-24,-5897345225e-18,-55890556e-16,-526330388e-17,-4927429247500001e-24,-4586257274999999e-24,-4246941582499999e-24,-391088795e-17,-35808174525e-19,-32594448099999998e-25,-29600807824999997e-25,-26760031275000004e-25,-24043407299999997e-25,-2144029145e-18,-18946508999999997e-25,-1655954825e-18,-14274184625000001e-25,-12068452100000002e-25,-9941589375e-19,-7846792189999999e-25,-60610234e-17,-43182845750000005e-26,-2605176525e-19,-8878837249999997e-26,8211928750000002e-26,2531830525e-19,42511523442499997e-26,60102272725e-20,77831335e-17,960490275e-18,11124126750000001e-25,1270854125e-18,14351197249999998e-25,16036925499999999e-25,17769620249999999e-25,1958657175e-18,21454841e-16,234024445e-17,25390048e-16,27453096249999998e-25,29131335249999997e-25,309740885e-17,32971470500000002e-25,3513191775e-18,37457087e-16,399322255e-17,42568115749999996e-25,45352463e-16,482409065e-17,51157242249999995e-25,540967515e-17,57187199e-16,6045535799999999e-24,6386062150000001e-24,6736291624999999e-24,70858988e-16,74155844249999995e-25,7717871725e-18,79760888e-16,8182528900000002e-24
7462761999999999e-24,7337681825e-18,7374624675e-18,75537348e-16,786640505e-17,8296226175e-18,8827954700000002e-24,943467745e-17,10088694e-15,10749209675000001e-24,11382050175e-18,11219253649999998e-24,11296443424999999e-24,11585863249999999e-24,120524255e-16,12643639500000001e-24,13285249575000001e-24,13900775174999999e-24,14418824175000003e-24,14777888349999998e-24,14941214475000003e-24,145880525e-16,14570670125e-18,14847139799999999e-24,153633315e-16,1603673075e-17,16766597499999996e-24,17429185999999997e-24,179161695e-16,18137047e-15,18048059724999997e-24,17043942900000004e-24,16397327725e-18,160832628e-16,160898325e-16,16380473499999996e-24,16893277249999998e-24,175368375e-16,18202912750000002e-24,18767964250000002e-24,19122575e-15,18292282550000003e-24,1735047775e-17,16331938425000003e-24,15319293399999997e-24,14402403775e-18,1364526645e-17,13087656974999999e-24,12746369374999999e-24,12621564624999998e-24,126970545e-16,13124049575e-18,13539927700000001e-24,1386069445e-17,14027152274999999e-24,14003590900000001e-24,13777930250000001e-24,13368892325000001e-24,12813985599999999e-24,12163253252500001e-24,1146989495e-17,11743423975e-18,12111585725e-18,12524366125e-18,12938494599999999e-24,1330582025e-17,13585088399999999e-24,13742080775000002e-24,13755502675e-18,13620893850000002e-24,13349666349999999e-24,13678452149999998e-24,14063076375e-18,14448516500000002e-24,14784937975e-18,15026116424999998e-24,15138989100000002e-24,15103203625e-18,1491876775e-17,14601381475000002e-24,141806416e-16,14295804325e-18,14292729524999998e-24,14155445024999998e-24,13883949475e-18,13493432025000001e-24,13011668999999998e-24,12471462800000002e-24,11906294024999999e-24,11349500875e-18,1082700295e-17,102488114e-16,966256255e-17,90883298e-16,85395253e-16,8030262825e-18,7571031274999998e-24,71684316999999995e-25,68279311999999996e-25,6550732625e-18,6338816775e-18,58887759450000005e-25,54976575625e-19,516175390275e-20,4879067864999999e-24,4645925565e-18,4461520222500001e-24,43221720325e-19,4225077142499999e-24,4168319597500001e-24,4149139239999999e-24,382060013e-17,35406659725e-19,3300358080000001e-24,30957729724999997e-25,29250028e-16,27803789500000004e-25,26554240725e-19,25514023337500005e-25,2457492305e-18,237524202e-17,195471470575e-20,15441732250000003e-25,11424751e-16,7517533249999999e-25,37083314500000005e-26,32209499999999566e-29,-3641059975e-19,-72764203e-17,-10889131824999998e-25,-1453254825e-18,-18257177749999999e-25,-21667588999999997e-25,-2491098175e-18,-279274335e-17,-30722364750000003e-25,-3329144275e-18,-35578044000000004e-25,-37573282e-16,-3927023175e-18,-4067067675e-18,-38877150980000005e-25,-36809652999999997e-25,-34579831524999994e-25,-32227967675e-19,-29797015749999996e-25,-273146832e-17,-24806356375e-19,-222723682e-17,-197455876e-17,-17229359949999999e-25,-14579604225000002e-25,-11998387055e-19,-9515555925e-19,-7095864949999999e-25,-4762000680000001e-25,-251209985e-18,-317568625e-19,18559367750000002e-26,3992590567500001e-25,6150706175e-19,7502866000000002e-25,8987235899999998e-25,10524383959999999e-25,12108526750000002e-25,1374554125e-18,1541709775e-18,1710910025e-18,18842452499999997e-25,20619365125e-19,2244962725e-18,2370268825e-18,251439355e-17,26703545749999998e-25,2838033925e-18,30179273e-16,32085154e-16,3409709925e-18,3620606025e-18,38378071749999995e-25,4058834375000001e-24,4200465700000001e-24,43699024249999995e-25,4564519225e-18,47842532000000005e-25,5031241525e-18,53004989500000005e-25,558757585e-17,5891084825e-18,6204954875000001e-24,6517769e-15,6783065125e-18,7080167349999999e-24,7397701075e-18,77294184e-16,80627591e-16,8382450850000001e-24,867033425e-17,89111247e-16,9091395975e-18,91988833e-16
-31158842250000003e-25,-31134444500000005e-25,-31703057000000003e-25,-32866951499999995e-25,-34637410249999994e-25,-36962505500000005e-25,-3982655175e-18,-432243815e-17,-4707801275e-18,-513328885e-17,-5602365e-15,-564202865e-17,-5792898e-15,-6054901550000001e-24,-64246553e-16,-690351215e-17,-7467230425e-18,-8104224125e-18,-8779335225e-18,-9462904474999999e-24,-10122151449999999e-24,-1030977535e-17,-10685813599999999e-24,-11226059e-15,-118956685e-16,-12635968175e-18,-133729003e-16,-14031037199999999e-24,-1454050515e-17,-14850495300000001e-24,-14921862050000003e-24,-1545413915e-17,-16035220775e-18,-16584194749999997e-24,-17007204775000002e-24,-17235321025e-18,-17230199750000003e-24,-16986977000000004e-24,-1653422035e-17,-15920280449999997e-24,-1521114085e-17,-15067180249999997e-24,-14725610250000001e-24,-14213712750000001e-24,-135727626e-16,-12849557949999996e-24,-120924282e-16,-11345522425e-18,-106445744e-16,-10016697175e-18,-9480590975e-18,-8650774675000001e-24,-7890664850000001e-24,-72105015249999995e-25,-6615269924999999e-24,-6106954875000001e-24,-5685231175000001e-24,-534855575e-17,-5093977424999999e-24,-49188185e-16,-4820124125e-18,-43409399e-16,-39367342775e-19,-35967849720000004e-25,-33151423700000002e-25,-30855405342500004e-25,-29038752775000002e-25,-276698919775e-20,-2672134008e-18,-26173495825e-19,-2600382385e-18,-20593129474999997e-25,-1556759865e-18,-10844952825e-19,-6369909950000001e-25,-20493810250000002e-26,21963819999999997e-26,64069703e-17,10652344125e-19,14970938499999998e-25,1940157425e-18,23651139e-16,27615588999999998e-25,31327240000000004e-25,34708895999999997e-25,3769031425e-18,4019960774999999e-24,42161963250000005e-25,4368239449999999e-24,4464070747499999e-24,45130076575e-19,4105399585e-18,36890520575e-19,32643483307500005e-25,2839030075e-18,24161895300000003e-25,19972934500000005e-25,1584478675e-18,11781370225e-19,778722325e-18,38552965650000004e-26,27248195000000024e-27,-32673258925000007e-26,-6710341375e-19,-10110732e-16,-1346676225e-18,-16789545499999999e-25,-2008647975e-18,-2335718e-15,-26624988499999995e-25,-2991071099999999e-24,-32183645250000002e-25,-34615662999999997e-25,-37209289000000004e-25,-3995215675000001e-24,-42852776e-16,-4585879225e-18,-48962295e-16,-52156733999999995e-25,-5536223775e-18,-58575581250000004e-25,-61717428e-16,-6515156449999999e-24,-6872581225000001e-24,-72394872750000006e-25,-7603420524999999e-24,-79534213e-16,-8275930775000001e-24,-855721495e-17,-878105715e-17,-8933977575000001e-24,-913840255e-17,-9282704949999999e-24,-9366083575e-18,-9381792425e-18,-93279104e-16,-9204699375e-18,-9015345974999999e-24,-87648546425e-19,-846535645e-17,-812782935e-17,-7838506275e-18,-7510411675000001e-24,-7158114524999999e-24,-67914979e-16,-6417999395000001e-24,-60452348775e-19,-56796389399999995e-25,-53258502570000005e-25,-4987412885e-18,-4666995236e-18,-43457544200000005e-25,-40429876725000005e-25,-37609552505000004e-25,-3498610185e-18,-32553085775e-19,-302910579475e-20,-28184579974999996e-25,-26228495595000003e-25,-244009047125e-20,-22694448025000002e-25,-20702882697500002e-25,-18867079525e-19,-171525433e-17,-15541141779999996e-25,-14030665299999998e-25,-1261106915e-18,-11263599800000001e-25,-9978889155e-19,-8748325942499998e-25,-7562945875e-19,-5785711149999999e-25,-40829697e-17,-2398308275e-19,-743058975e-19,8918151500000001e-26,2514056575e-19,41117662000000006e-26,5662828905e-19,7205769e-16,879382375e-18,1058900575e-18,12429894750000001e-25,14316766500000001e-25,1624036525e-18,18183669e-16,20177566499999996e-25,22263381500000002e-25,2447444825e-18,2683572225e-18,293502915e-17,32636836000000004e-25,35979937999999995e-25,3941250275e-18,4291067125e-18,464582375e-17,500252965e-17,5357047750000001e-24,5697379675e-18,6022152075e-18,63261445e-16
-446592119e-17,-4398645755e-18,-4435539e-15,-4560094325000001e-24,-4769575675000001e-24,-50607674e-16,-54342759e-16,-5881033375e-18,-63943731e-16,-69660169500000006e-25,-7577586699999999e-24,-76163221e-16,-7800188125000001e-24,-8123383500000001e-24,-8579629525e-18,-9152316575e-18,-9815577675e-18,-10529308924999999e-24,-11238096175e-18,-1189866075e-17,-12456970849999998e-24,-12619790125e-18,-13016068299999999e-24,-13593960675000001e-24,-1427731825e-17,-149778785e-16,-15599027175000003e-24,-1604590815e-17,-16266846925e-18,-16226175575e-18,-15925009e-15,-16426373525e-18,-16979471325e-18,-17511939500000004e-24,-17918426e-15,-18124172999999996e-24,-18088836250000002e-24,-17808405750000002e-24,-173161555e-16,-16666003e-15,-15931305e-15,-1576486425e-17,-153959245e-16,-14858223249999999e-24,-141936845e-16,-13455467750000003e-24,-12695630675e-18,-11960484249999997e-24,-11286748275e-18,-10701540425e-18,-10222789774999999e-24,-9388191075e-18,-862961135e-17,-7959338325e-18,-73857956e-16,-6912013324999999e-24,-65388745e-16,-6265136124999999e-24,-60878736249999995e-25,-60040753e-16,-6010029250000001e-24,-5520574175e-18,-51218680075e-19,-4804600345000001e-24,-45615051625e-19,-4386864015e-18,-4276298665e-18,-4226287849999999e-24,-423474475e-17,-4298964475000001e-24,-4416370225000001e-24,-3855567945000001e-24,-33477521100000002e-25,-28841190475e-19,-24591405275e-19,-2065540325e-18,-17002105925e-19,-135756963e-17,-10296920999999998e-25,-7111043275e-19,-3956739295e-19,9163098749999999e-26,5742916725e-19,1052388785e-18,15253238e-16,198153915e-17,24162294250000003e-25,282732165e-17,32048297000000003e-25,35486247999999996e-25,38531148e-16,34778054725000003e-25,30881378625e-19,26945529825e-19,23021220125000003e-25,19128328725e-19,15289152749999997e-25,11512356925e-19,7804753374999999e-25,41762728999999996e-26,6172660025e-20,-28889018e-17,-63524911575e-20,-973753005e-18,-13075129999999999e-25,-16377692250000002e-25,-196419535e-17,-2286319125e-18,-26036484e-16,-2917882475e-18,-322936445e-17,-34469519999999998e-25,-368282855e-17,-3934846075e-18,-4202264624999999e-24,-44845405e-16,-4778569725e-18,-5084830925e-18,-5396505400000001e-24,-57097219e-16,-6021184075e-18,-63324709e-16,-66723295750000005e-25,-7026593600000001e-24,-7388381425000002e-24,-775017125e-17,-8096755425e-18,-84167003e-16,-86932517e-16,-8913841050000001e-24,-9064092775000002e-24,-9265555975e-18,-9409027575e-18,-94875527e-16,-9498097075e-18,-9435964225e-18,-930332051175e-20,-9102811820000001e-24,-88411698e-16,-853078635e-17,-818292235e-17,-78933221825e-19,-7565362999999998e-24,-7213179249999999e-24,-6846166195e-18,-64724022775e-19,-6100637974999999e-24,-5736202335e-18,-53844832275000006e-25,-504868366025e-20,-4731938129e-18,-44084383386500005e-25,-410503951e-17,-38232291775e-19,-35612192525000004e-25,-331830698e-17,-309353725e-17,-2885169285e-18,-26914931749999995e-25,-25123055857499998e-25,-23442677050000002e-25,-214299113425e-20,-19583553825e-19,-17864343775e-19,-16258793105e-19,-14760380074999999e-25,-13357056125e-19,-120293034e-17,-10768664975e-19,-9563563762499999e-25,-8406772407500001e-25,-6612022699999999e-25,-48894568875e-20,-32049638e-17,-15508815249999997e-26,7405819999999983e-27,16810698375e-20,325326115e-18,4781814745e-19,63081182025e-20,78494355e-17,965539975e-18,1151808925e-18,13422909999999998e-25,15354690000000002e-25,17293992500000002e-25,1930924475e-18,2140176875e-18,23617653e-16,2595338725e-18,2847352375e-18,31756488e-16,3513232175e-18,38574927e-16,4209548175e-18,456658945e-17,4922353249999999e-24,5278540325e-18,56311007e-16,5966423725e-18,62797725e-16
7121155015e-19,655802117425e-21,6257574e-16,6059863775e-19,6004215225e-19,6093256827500001e-25,632846433e-18,6729108049999999e-25,7258438596499999e-25,78670168335e-20,8612045524999999e-25,7998572025000001e-25,7579496575e-19,73188571e-17,7206849574999999e-25,72314652025e-20,740031615e-18,7724305525e-19,8211958600000001e-25,8848483450000001e-25,964633935e-18,7266398712499999e-25,5114010100000001e-25,30958270249999997e-26,11435506749999998e-26,-732424925e-19,-255494853e-18,-42903467499999996e-26,-599615875e-18,-7710301925e-19,-95045198375e-20,-1677794425e-18,-23921374749999996e-25,-31042192999999992e-25,-3820402374999999e-24,-454417175e-17,-5268161525e-18,-5988863050000001e-24,-6690134675e-18,-7351320774999999e-24,-7957203375e-18,-8071998375e-18,-8050951401e-18,-7896032495e-18,-7620820948500001e-24,-7245371349999999e-24,-6780924775000001e-24,-6243944705e-18,-56524311750000005e-25,-5020955265e-18,-4361939375e-18,-36618319075e-19,-29862892325000005e-25,-2335610225e-18,-17102476499999998e-25,-1108957325e-18,-5289334e-16,3428423250000001e-26,5848750925000001e-25,112369862375e-20,1658170175e-18,2045923325e-18,2446205925e-18,2858826925e-18,32850118499999998e-25,3727707225e-18,418487295e-17,46573352750000005e-25,514372325e-17,5638401625e-18,613830875e-17,65743893249999995e-25,7039683975e-18,7528518349999999e-24,8026549575000001e-24,8513979875e-18,89701258e-16,9374288100000001e-24,970296295e-17,99362951e-16,10061987975e-18,103069485e-16,1044715355e-17,1047267355e-17,1038112938e-17,10177063025e-18,9868642685e-18,9470088749999999e-24,9003074195000001e-24,8485315405e-18,79387406375e-19,744097105e-17,69188198075000005e-25,63913498975e-19,5869971395e-18,53622660650000005e-25,48737167724999994e-25,44088071175e-19,397069877e-17,3560199015e-18,31781134490000004e-25,27775439325e-19,24082592750000003e-25,20660427675e-19,17467498424999999e-25,1447525365e-18,11663866725e-19,9007616175e-19,6466496225e-19,401302895e-18,16125287e-17,-1186087325e-19,-39030109e-17,-666252165e-18,-944213025e-18,-12256429499999998e-25,-1513067175e-18,-180796705e-17,-2111019875e-18,-2424203325e-18,-27463804250000003e-25,-310745825e-17,-3480878725e-18,-3863825674999999e-24,-4254573725e-18,-4649842875e-18,-50437606e-16,-5432119325e-18,-58053497999999995e-25,-61586126249999985e-25,-6477162874999999e-24,-6740051999999999e-24,-6952260249999999e-24,-71089237749999994e-25,-72064642750000005e-25,-72490957e-16,-7234880147499999e-24,-7161175395e-18,-703291979e-17,-6855395075e-18,-6631125624999999e-24,-6373059244999999e-24,-6084098785000001e-24,-5773088525e-18,-544419488e-17,-5104838125e-18,-4761306925e-18,-44170466025e-19,-40764516075e-19,-3743117485e-18,-34181204499999995e-25,-31165807941e-19,-28302158449999998e-25,-25577084450000003e-25,-22969232252499998e-25,-2047576785e-18,-18108465425e-19,-15830963725e-19,-136489174e-17,-11534984425e-19,-945757895e-18,-768451525e-18,-5934320425e-19,-42064742500000005e-26,-250409115e-18,-7982148000000002e-26,91018755e-18,2625271875e-19,43654665075e-20,6125084349999999e-25,7901023557499999e-25,9434009e-16,11036601e-16,12689737e-16,1440086175e-18,1617325125e-18,18011077000000003e-25,199139725e-17,21899724000000004e-25,23953893249999997e-25,2607079625e-18,277402605e-17,2955702425e-18,31508356750000005e-25,3359715175e-18,35850811499999997e-25,3827047375e-18,408747965e-17,4360024549999999e-24,4644171975e-18,4938693075e-18,5237499775e-18,5547174724999999e-24,5873556625e-18,6213605225e-18,65632432e-16,6909802575e-18,72446882499999996e-25,75529285e-16,7822766025e-18,8044274925e-18
6690683075e-18,6588689600000001e-24,6628083175000001e-24,6788178275e-18,70690525000000005e-25,7459627625e-18,7948763024999998e-24,8517710675e-18,9131003175e-18,976708e-14,10387202425e-18,10237121525e-18,1030554585e-17,105748302e-16,11021799575e-18,11605703575000001e-24,12271845749999999e-24,129581575e-16,13591616974999998e-24,14105644749999999e-24,14441457375e-18,14106530025000003e-24,14085872324999997e-24,14351871925e-18,14849817000000002e-24,1550453725e-17,1620863725e-17,16855978000000002e-24,173420225e-16,17580873750000002e-24,17531044749999997e-24,1654710515e-17,15908751500000002e-24,1558513385e-17,15567003e-15,1582836475e-17,1631234675e-17,16940989750000002e-24,17609954749999998e-24,18208467e-15,18625304e-15,17813427775e-18,16894311675000002e-24,1589056175e-17,14885271187499998e-24,139613581175e-19,13183020000000003e-24,12588977250000001e-24,12199850600000002e-24,12019438375000002e-24,120327467e-16,12471951799999999e-24,12902908575e-18,13246968225000001e-24,13448135699999998e-24,1346797405e-17,13294407349999998e-24,12935628624999999e-24,1242421848e-17,11804337657375e-21,111277874425e-19,11405441125e-18,1177259255e-17,12181317275e-18,1259467575e-17,12974010225000003e-24,13274424675000001e-24,13458328874999999e-24,13504588000000002e-24,134071407e-16,13171880324999999e-24,135043811e-16,13887320975e-18,14274677425e-18,14615603325e-18,14865137425e-18,1498801725e-17,14965052125e-18,147929312e-16,14488576425000004e-24,14078345750000002e-24,14194354149999999e-24,14194544574999999e-24,14061550425e-18,13795529275e-18,13410330975e-18,12933536749999999e-24,12397229999999999e-24,11834857749999998e-24,11277043449999999e-24,10750813875000001e-24,10174425775e-18,958971115e-17,9015210175e-18,8466448799999999e-24,7957065625e-18,7496408725e-18,7092166799999999e-24,6748567700000001e-24,646705445e-17,6249760825e-18,5798387805e-18,54052501175e-19,5066588639125e-21,47801466975e-19,45436635025e-19,4353534125e-18,4208540317499999e-24,41040439525e-19,4038438645e-18,40090957825e-19,36818887449999997e-25,34019325872499994e-25,31605010199999996e-25,2954848166725e-21,27801533064999993e-25,263159502075e-20,25015114840000006e-25,23912118625000004e-25,22919901425e-19,22023236875e-19,17810570425e-19,1372204836e-18,969878125e-18,578472795e-18,194631495e-18,-179515275e-18,-55113070025e-20,-920674435e-18,-12941139500000002e-25,-16700897250000003e-25,-2040953825e-18,-2381331125e-18,-2697844325e-18,-2993045075e-18,-32627283500000003e-25,-3508271475000001e-24,-37224984750000003e-25,-39093659500000005e-25,-40613179499999995e-25,-4180730774999999e-24,-399643368e-17,-37861333625000005e-25,-35573616374999997e-25,-33161501e-16,-30673072749999998e-25,-28139181075000002e-25,-255805279e-17,-23012785425000002e-25,-20454021925000004e-25,-17902760449999998e-25,-15231755684250002e-25,-1262628905e-18,-1011812e-15,-768090383375e-21,-53230787e-17,-306591205e-18,-8608997250000002e-26,1306921425e-19,34715742e-17,5646582899999999e-25,703860482e-18,8561379250000001e-25,1013960775e-18,11764223500000003e-25,1343721925e-18,15146960000000001e-25,16883648499999996e-25,18660575999999997e-25,20464383e-16,22324206750000002e-25,23584416999999997e-25,2500069175e-18,2653548225e-18,2817174225e-18,29922847499999998e-25,3178366675e-18,33740317000000003e-25,3579247675e-18,3791846300000001e-24,4009794275e-18,414682135e-17,431799915e-17,4514714200000001e-24,4734948000000001e-24,4980997825e-18,5248053050000001e-24,5536787e-15,583637675e-17,6145421974999999e-24,6453791949999999e-24,6719750924999999e-24,70189279750000005e-25,7337875875e-18,767226885e-17,8007011450000001e-24,832588825e-17,8614921425e-18,8859140750000001e-24,9040491325e-18,9149626075e-18
-2491733275e-18,-2506852725e-18,-25651294625e-19,-26685163000000003e-25,-28194064500000004e-25,-30171590499999996e-25,-32565471e-16,-35376765000000003e-25,-385894835e-17,-4223250900000001e-24,-4625251375e-18,-467477765e-17,-4820090675e-18,-50590682e-16,-53832548499999995e-25,-5796478674999999e-24,-6287122574999999e-24,-6841699174999999e-24,-7437923375000001e-24,-8054410925000001e-24,-868345135e-17,-8873972575e-18,-922372505e-17,-973005435e-17,-10363452975e-18,-1108421245e-17,-11839029799999999e-24,-12561333924999998e-24,-13190313199999998e-24,-136584885e-16,-139344324e-16,-14496193450000003e-24,-1509758125e-17,-15674636849999997e-24,-16137477049999998e-24,-16416549250000003e-24,-16473609924999998e-24,-16298648199999996e-24,-15907857750000003e-24,-15342280125e-18,-14661020450000002e-24,-145404717e-16,-14215369875e-18,-13722151525e-18,-13097730025e-18,-12385768700000003e-24,-1163296115e-17,-1088176385e-17,-10166576725e-18,-9513956774999999e-24,-894293925e-17,-811915445e-17,-7361648324999999e-24,-6677228450000001e-24,-6069753825e-18,-554043275e-17,-5088172199999999e-24,-471134025e-17,-44063232499999995e-25,-4170361474999999e-24,-40004481e-16,-35291940525e-19,-312261508475e-20,-27710759975e-19,-2465618145325e-21,-220276053e-17,-19766569225e-19,-17846026200000001e-25,-16241973350000005e-25,-14902130500000001e-25,-1380700938e-18,-8480553950000001e-25,-340867695e-18,149381925e-18,6270966225e-19,11003172000000001e-25,15729020999999999e-25,205077085e-17,2536024075e-18,3033185125e-18,353890965e-17,3938896625e-18,429968245e-17,4615774375e-18,48729168249999996e-25,50659321e-16,51936332025e-19,525554264e-17,5251294375e-18,51838148675e-19,50579271875e-19,4634624964999999e-24,4200062675e-18,3751184950000001e-24,32987098649999994e-25,284857531e-17,24009981025e-19,19592573425000002e-25,152416786e-17,10962034624999999e-25,6755389725e-19,308262835e-18,-5063295499999998e-26,-4019409325e-19,-7468278675000001e-25,-10880458500000001e-25,-1427441225e-18,-17665067750000001e-25,-2104486575e-18,-24385573000000003e-25,-27746553749999998e-25,-30054936249999992e-25,-3250210875e-18,-35100850000000003e-25,-3784993725e-18,-40757653e-16,-437852885e-17,-4692386175e-18,-50147521e-16,-534332755e-17,-56719170999999995e-25,-5992255875e-18,-6337462425e-18,-6699548075e-18,-70686643250000004e-25,-7434847299999999e-24,-7788675224999999e-24,-811604625e-17,-8403628425e-18,-8637038e-15,-88010163e-16,-9007247425e-18,-91540879e-16,-9237745849999999e-24,-9258951525e-18,-9208116750000002e-24,-908841475e-17,-8902607900000001e-24,-8657464095e-18,-8362385015e-18,-80275132275e-19,-77427054185e-19,-74198157049999995e-25,-70732903e-16,-671080863e-17,-63413626275e-19,-59730827975e-19,-56111636255e-19,-526026812e-17,-492474646e-17,-46062652674999995e-25,-4286452652499999e-24,-3986111172500001e-24,-37058207674999995e-25,-34448399525e-19,-32016984492499996e-25,-29759835e-16,-276508266e-17,-256886726375e-20,-23854930325e-19,-2213896615e-18,-20161257799999995e-25,-18333642725e-19,-16626034274999996e-25,-150158210225e-20,-13498898499999997e-25,-1206223955e-18,-106953711125e-20,-93820705975e-20,-8126168050000001e-25,-6901850524999999e-25,-51257326425e-20,-34062053749999997e-26,-1706507325e-19,-14550437499999858e-28,16508220999999998e-26,33105314e-17,49567768e-17,6569995725e-19,818716575e-18,98363435e-17,11644466249999998e-25,1349055475e-18,1537196525e-18,17296661499999999e-25,19255795999999998e-25,21279239500000003e-25,234117745e-17,25687773750000003e-25,2809962275e-18,3067216775e-18,33946267499999997e-25,3733546125e-18,4076083675e-18,4426122375e-18,478235695e-17,5135676025e-18,5484633225e-18,582101415e-17,61402674249999995e-25,6434578e-15
-8367599325000001e-24,-826137745e-17,-833594875e-17,-8563409875e-18,-8931017624999998e-24,-9423757975e-18,-10020933e-15,-1068669725e-17,-11379779e-15,-12055752500000001e-24,-12665849250000001e-24,-12630321749999999e-24,-12855359250000001e-24,-1328881325e-17,-13867621999999999e-24,-1450945745e-17,-15122563775e-18,-15622960524999998e-24,-1593508995e-17,-16022859249999996e-24,-15865692575e-18,-15951909250000004e-24,-16333523475e-18,-16927278750000002e-24,-176158245e-16,-18264638749999998e-24,-18746642249999998e-24,-18968200250000003e-24,-1888275025e-17,-18491681749999998e-24,-178488245e-16,-1827688175e-17,-18802667000000003e-24,-1930298725e-17,-19650995e-15,-19760364750000003e-24,-19590225999999998e-24,-191566905e-16,-18523010000000003e-24,-1774319925e-17,-16937616750000002e-24,-16754520499999998e-24,-1634593725e-17,-1577211625e-17,-150814003e-16,-14332111899999997e-24,-13581737999999998e-24,-12879071324999999e-24,-12261931399999999e-24,-11756557799999999e-24,-11377539e-15,-10539906775e-18,-9791190625e-18,-9149190025e-18,-8624170525e-18,-822071305e-17,-7940168800000001e-24,-7780487875e-18,-7738179250000001e-24,-780712805e-17,-7979694525e-18,-7478805225e-18,-7092576175e-18,-6816235925000001e-24,-6642378675e-18,-65660082750000004e-25,-6579835700000001e-24,-6675913075e-18,-6845549025e-18,-70812933749999995e-25,-7370372775e-18,-6782569005e-18,-6277460475e-18,-584991977e-17,-5492947975e-18,-52049830675e-19,-4980858907749999e-24,-48159145150000005e-25,-470876818e-17,-46553006175e-19,-465395202e-17,-4103993864999999e-24,-35486716672499997e-25,-29785631075e-19,-2394700645e-18,-18103556225e-19,-1224988305e-18,-6388598655e-19,-56171245000000026e-27,5262371472500001e-25,109894243625e-20,8038729500000002e-25,5086797175e-19,22628967549999997e-26,-42134168e-18,-29615297625e-20,-5376556e-16,-7665413749999999e-25,-9850394e-16,-11919297999999998e-25,-1389867625e-18,-16768199e-16,-1976504525e-18,-2278429925e-18,-25803912250000004e-25,-2882824275e-18,-31836871249999997e-25,-3484181875e-18,-3781316375e-18,-40731413e-16,-4361212475e-18,-4565588875e-18,-4802045475000001e-24,-505509725e-17,-5327189825e-18,-56146648e-16,-59117993249999996e-25,-6214845725e-18,-6518943174999999e-24,-6819467725e-18,-71085582e-16,-7403916099999999e-24,-7737304949999999e-24,-8092460924999999e-24,-8452950725000001e-24,-8809452549999999e-24,-914114665e-17,-943045295e-17,-966014645e-17,-9812990275e-18,-98789712e-16,-10066590275e-18,-10184961025e-18,-10237631725000001e-24,-10214675475000001e-24,-10117385925e-18,-99464275e-16,-9708792925e-18,-9414197925000001e-24,-9074510975e-18,-87037787e-16,-8395612655e-18,-8051572200000001e-24,-76847235e-16,-730561665e-17,-692267765e-17,-6544727275e-18,-61777447500000005e-25,-5827309974999999e-24,-5497189924999999e-24,-51902615850000006e-25,-48573305775e-19,-4547396525e-18,-4262163345e-18,-3999559712500001e-24,-37587439825e-19,-35389841809750004e-25,-33391723479999998e-25,-31575213015000003e-25,-2993125688e-18,-2844160979e-18,-26366988775e-19,-244983129e-17,-228101703e-17,-21276525499999998e-25,-19879522205000004e-25,-186185772475e-20,-17479177900000002e-25,-16452430900000001e-25,-15520102275e-19,-14672415375e-19,-1284817475e-18,-111627843825e-20,-957485166e-18,-8081118450000001e-25,-6668738200000001e-25,-5327029455e-19,-40638242999999996e-26,-28756616749999996e-26,-17319289500000002e-26,-6161330249999998e-26,13193084499999997e-26,32614454749999996e-26,5208638e-16,713396725e-18,9040818e-16,10973319000000002e-25,1293272e-15,149143155e-17,16965689000000001e-25,19092787750000003e-25,22566194000000002e-25,26023192999999995e-25,29528681e-16,33098134499999996e-25,3669584325e-18,40321149499999996e-25,4395383225e-18,475302875e-17,5099179625e-18,5427899875e-18
-6455334402500001e-24,-6380590724999999e-24,-64453366000000006e-25,-6628409674999999e-24,-6926210724999999e-24,-7328696274999999e-24,-7826676025e-18,-8402839874999999e-24,-9037779024999999e-24,-9703550325e-18,-10371166075e-18,-10371186499999999e-24,-10574889325000002e-24,-1096116535e-17,-11499326475e-18,-1214364825e-17,-12824816724999999e-24,-13475255175e-18,-14023977400000001e-24,-14420599e-15,-14616176375000003e-24,-1474109715e-17,-1513313e-14,-15721707000000003e-24,-1640651375e-17,-17065808e-15,-175815535e-16,-178701565e-16,-17875431999999998e-24,-17592933499999998e-24,-17048733675e-18,-17503026899999998e-24,-180450655e-16,-18564636250000002e-24,-189432135e-16,-1910086725e-17,-18994665250000002e-24,-186338345e-16,-18056884e-15,-17336561e-15,-16555953e-15,-1637228475e-17,-1598675125e-17,-15429665499999997e-24,-14750118749999999e-24,-14005273949999999e-24,-13251233599999999e-24,-125371048e-16,-1189956605e-17,-11365494600000002e-24,-10951345500000001e-24,-10114453625000002e-24,-936059705e-17,-8707111275e-18,-8162590025e-18,-77319599e-16,-74161409e-16,-72136261750000005e-25,-7121740449999999e-24,-7135711225e-18,-72499631e-16,-6751039900000001e-24,-6358368325e-18,-6064984975e-18,-58643632500000004e-25,-5751120450000001e-24,-571821895e-17,-5761254425e-18,-587483885e-17,-60533948249999986e-25,-62892529000000005e-25,-571053202e-17,-52028669925e-19,-4757586699999999e-24,-4372099622250001e-24,-4037632725e-18,-375338729475e-20,-35117608250000006e-25,-33112924025e-19,-31485887027500006e-25,-30174446275e-19,-249274315e-17,-19667433839999997e-25,-14297428075e-19,-88907965e-17,-35032184e-17,183361475e-18,711238225e-18,1227059165e-18,17283383e-16,22201845e-16,189557955e-17,15600443499999999e-25,12280050800000002e-25,9028946e-16,5862850675e-19,278139709e-18,-21196972500000002e-27,-31006980325000005e-26,-5896270500000001e-25,-857162e-15,-11746993e-16,-14919532e-16,-180536165e-17,-21136085249999996e-25,-24178735000000003e-25,-2719763425e-18,-30207263000000002e-25,-3319816325e-18,-36188763499999995e-25,-3917300474999999e-24,-41359253e-16,-4379100775e-18,-4641736500000001e-24,-492152115e-17,-52155615e-16,-5522727350000001e-24,-583900325e-17,-61574213e-16,-6468351349999999e-24,-676783695e-17,-70745724e-16,-7412089849999999e-24,-776799145e-17,-813070305e-17,-8488066675e-18,-8823244475e-18,-9121555600000001e-24,-93664089e-16,-9540355625e-18,-9630828125e-18,-982232615e-17,-994719365e-17,-10009540699999999e-24,-999960815e-17,-9911597825e-18,-9753271875000002e-24,-9525173424999999e-24,-9238422075e-18,-8906326075000001e-24,-8540802775e-18,-8241579975e-18,-7904973825e-18,-75441784e-16,-71699249e-16,-6791158325000001e-24,-6415953625e-18,-6050929e-15,-5700742425e-18,-536983935e-17,-5060642965e-18,-47299203575e-19,-4422002585e-18,-4137091659999999e-24,-3874715505e-18,-36330724510000003e-25,-34112310047500002e-25,-32079909499999997e-25,-30226159127499994e-25,-2853798565e-18,-26988804455e-19,-24927456025e-19,-23060906999999996e-25,-21353281425e-19,-19788441824999997e-25,-18357207700000003e-25,-17044194875000002e-25,-15846215437499998e-25,-14746143567499998e-25,-13728685025000001e-25,-1277775045e-18,-10956669425e-19,-9253195425e-19,-7627795825000001e-25,-6085550037499999e-25,-46087225474999996e-26,-31771723175000003e-26,-1810025975e-19,-48795862500000014e-27,8116712000000001e-26,21106929375e-20,4069295225e-19,601811025e-18,79739686e-17,9903156999999998e-25,11825201e-16,13774512750000002e-25,15784987499999999e-25,178457465e-17,1997870375e-18,2221192375e-18,2559165e-15,289531035e-17,3238023825e-18,35863279e-16,393900195e-17,4296437e-15,4653452575e-18,50133565999999995e-25,5362095599999999e-24,5697462625e-18
60669213499999996e-25,59842305e-16,6029684124999999e-24,61850650000000005e-25,6449990000000001e-24,68220551e-16,728730905e-17,7831399075e-18,8431208725e-18,90581845e-16,968735895e-17,9548327925e-18,9608690475e-18,9855140925e-18,10273525399999999e-24,10835215825e-18,11502080450000001e-24,12212603600000001e-24,12907338824999999e-24,13520017275000001e-24,139898198e-16,13668534775e-18,13651339850000001e-24,1391004465e-17,143980345e-16,150393165e-16,157363305e-16,1638439e-14,1688061255e-17,1715118325e-17,17145449750000003e-24,1619456395e-17,1555226235e-17,15222308874999998e-24,15192326024999998e-24,1543312475e-17,15900011e-15,16516424750000003e-24,171880995e-16,17806094999999998e-24,182634285e-16,174771602e-16,16566937925e-18,155686175725e-19,145640848775e-19,136315644475e-19,12833952425e-18,12212411000000002e-24,11786265325e-18,1156126705e-17,11529082875000001e-24,11977529324999997e-24,12421925624999999e-24,12785039325000001e-24,13014207824999999e-24,13071860549999999e-24,12939184050000003e-24,12624547424999997e-24,12152789722500001e-24,11566056227499999e-24,1091060936e-17,11189886125e-18,11562023975e-18,11978816100000002e-24,12401100725e-18,12784647725e-18,13089338475e-18,13282760525e-18,133430499e-16,13259621475000002e-24,13039162474999999e-24,13373775900000001e-24,13759327149999999e-24,14147241675000001e-24,14488902875e-18,14741346899999998e-24,14869385524999997e-24,14853653975e-18,14690998724999999e-24,143951585e-16,13992890975e-18,14112576175e-18,14113911324999998e-24,13984063325e-18,13720942025000001e-24,133400776e-16,12867534574999998e-24,12334421600000002e-24,11774322150000001e-24,1121790045e-17,10691770175000001e-24,10115251150000001e-24,9530936825000001e-24,8956979225e-18,8408242775e-18,7898047774999999e-24,74353152e-16,7027396575000001e-24,6679023625e-18,6392441799999999e-24,616828145e-17,57190894075000005e-25,53277065773e-19,49891003000000006e-25,4701475264999999e-24,446263234e-17,4269472255e-18,412027780575e-20,40114033204999996e-25,3940483442499999e-24,39046760725e-19,3576155325e-18,32940782375000003e-25,305062939275e-20,2840630713e-18,26596925475e-19,25064115975e-19,23730645425000004e-25,22536144175e-19,2150281865e-18,20530478709749997e-25,16349449975000001e-25,12264509175e-19,8235262e-16,428917505e-18,4119040724999999e-26,-33860330275e-20,-715394342e-18,-10918797455e-19,-14698683500000001e-25,-18527199750000002e-25,-2220112725e-18,-2555982375e-18,-2869308075e-18,-31573360249999997e-25,-34198024750000005e-25,-36535159500000004e-25,-3857498225e-18,-4029543175e-18,-41676767e-16,-42704043775e-19,-408025582e-17,-3865905759999999e-24,-363250959e-17,-338843379e-17,-31358808250000004e-25,-28785100574999997e-25,-2618059725e-18,-23565525990000004e-25,-20947033525e-19,-18336757925000007e-25,-15679066077499997e-25,-13100128265000002e-25,-1061192665e-18,-8197637925000001e-25,-5870475525e-19,-36316408e-17,-145470858e-18,6936946750000001e-26,28298258249999996e-26,49581352075e-20,6354065999999999e-25,786906825e-18,9447478975e-19,11073865249999998e-25,12738792725e-19,14466890725e-19,16219740200000003e-25,18004984750000003e-25,19838704e-16,21699876000000003e-25,22974982250000002e-25,243931395e-17,259299575e-17,275663475e-17,29326695000000002e-25,31171837499999997e-25,33122140249999997e-25,35195264e-16,37331289e-16,39539005e-16,4091243100000001e-24,42592822e-16,445007485e-17,46652496e-16,49081317e-16,517354175e-17,545914305e-17,57578574999999994e-25,60641297e-16,636878155e-17,6636956175000001e-24,69358690000000005e-25,72560361000000005e-25,7590989925e-18,7927677525e-18,8251632725e-18,8547657575e-18,8801229075e-18,8992894300000001e-24,9115897625e-18
