-34733733075e-19,-3199304685000001e-24,-29424774605e-19,-26995765715000003e-25,-24698404415e-19,-225263983e-17,-20480329625e-19,-18556132025e-19,-167486653e-17,-15048423947499997e-25,-134552442e-17,-11940840125e-19,-10508187175e-19,-9147149985e-19,-7859413424999999e-25,-6626671824999999e-25,-543433109e-18,-4254625825e-19,-30939785e-17,-19763861175000002e-26,-8790561450000001e-26,20007750999999998e-27,1272107277e-19,2370230325e-19,3485930725e-19,45670479775e-20,56670809675e-20,6755747349999999e-25,7831027200000001e-25,88769876e-17,99161915e-17,1097554e-15,12062120000000001e-25,13178363999999998e-25,14327227875e-19,15533437049999998e-25,1680452115e-18,18156932800000003e-25,1962075375e-18,21194619500000002e-25,2289746055e-18,24774578775e-19,26829518e-16,2907284725e-18,31508429500000004e-25,34072558250000004e-25,3680838825e-18,39691952e-16,42723883749999994e-25,45921191e-16,4922166725e-18,52622843749999995e-25,5608651375e-18,5949304775e-18,62828931e-16,6600329249999999e-24,68899886e-16,7147505649999999e-24,7361095924999999e-24,75298018675e-19,7645668e-15,77028406525e-19,7703959425e-18,7651379275e-18,7543875475000001e-24,73913905325e-19,7196056700000001e-24,6962196675e-18,6694423845e-18,64003824525e-19,60831620525000005e-25,57497845225e-19,54032241775e-19,5052883445000001e-24,47011774325e-19,4351490767500001e-24,40094911e-16,36762756025000003e-25,33531617132500005e-25,30418811925e-19,27421786875e-19,245438431225e-20,217956342525e-20,191624355325e-20,16640989424999999e-25,14222779025000003e-25,118927097e-17,9634124399999998e-25,7435689842500001e-25,53064081e-17,322519215e-18,11903024574999996e-26,-8199053275000004e-26,-28073371450000006e-26,-4785705125e-19,-67597609825e-20,-8770476750000001e-25,-10798129325e-19,-128537207e-17,-14960368375e-19,-17121711749999996e-25,-1933588325e-18,-21623539e-16,-2395537275e-18,-2633767825e-18,-2875438325e-18,-31205070250000003e-25,-33688805e-16,-36231983499999995e-25,-388045335e-17,-41418474750000006e-25
-34163079525000003e-25,-30911220357499997e-25,-2789298847e-18,-25067234275e-19,-22432313825000002e-25,-19978616925000002e-25,-17692147949999997e-25,-155625939e-17,-135733733e-17,-11723339725e-19,-9996524600000002e-25,-836699285e-18,-6819562730000001e-25,-5340178025000001e-25,-3919931875000001e-25,-2525423625e-19,-11410354249999999e-26,25009532499999995e-27,16682543125000002e-26,31231253035e-20,46095305500000006e-26,6141132600000001e-25,77195576e-17,932857364e-18,10985819500000002e-25,12687047249999998e-25,14472392749999998e-25,1633420175e-18,18258894249999998e-25,2028893975e-18,22393420749999997e-25,24574883500000003e-25,2686191225e-18,29265991999999995e-25,31782221749999997e-25,343841405e-17,37119643250000002e-25,39998956499999984e-25,42972399e-16,4603936175e-18,49224389e-16,5251875e-15,5579981599999999e-24,5911510125e-18,6235826900000001e-24,65434417500000005e-25,6821898975e-18,7070870375e-18,72783150975e-19,7440030445e-18,7547470225e-18,7606508315000001e-24,7605774025e-18,754866515e-17,74401728775e-19,7286002975e-18,7089083650000001e-24,6860747475e-18,66032124025e-19,6327248644999999e-24,6035699049000002e-24,57332428725000005e-25,5423123287499999e-24,510993484e-17,479887963e-17,448913492125e-20,41852525825e-19,38888800025e-19,36006049672500006e-25,33233391125000006e-25,3055631155e-18,27986376425e-19,25514537250000003e-25,23137594525e-19,208656161375e-20,186885613875e-20,1661086465e-18,14623780475000001e-25,12717439425000001e-25,10881304749999998e-25,9109439e-16,737944265e-18,5678981205e-19,401480085e-18,237461915e-18,7582165750000001e-26,-8586613749999998e-26,-2449527525e-19,-40117641575e-20,-5572438249999999e-25,-7120982000000001e-25,-866694825e-18,-1023596325e-18,-1181811125e-18,-13396153500000001e-25,-14985964500000003e-25,-16620107249999997e-25,-1826982875e-18,-1994913075e-18,-2167264875e-18,-2340580925e-18,-25200305e-16,-27030103e-16,-28925612999999998e-25,-30851397500000003e-25,-32820570250000004e-25,-348776635e-17,-36988198500000006e-25,-3914588725e-18,-41368828e-16,-43642664e-16
-7959761974999999e-25,-691369825e-18,-593743595e-18,-4983585649999999e-25,-4039629261e-19,-31233909750000004e-26,-21955597250000001e-26,-125531525e-18,-27652519999999994e-27,70643962e-18,17146767e-17,2731034515e-19,37437700275e-20,4749908875e-19,5749122174999999e-25,67556174425e-20,7740682475000001e-25,872756125e-18,9735862850000002e-25,10777745332499999e-25,11833371175000002e-25,12943149e-16,1412650325e-18,153895635e-17,1676055575e-18,18231897225e-19,19832284950000004e-25,2158637725e-18,23488351750000005e-25,25549356499999997e-25,27794897750000002e-25,3023867425e-18,3290110725e-18,3574464425e-18,38726969999999995e-25,41858616749999996e-25,45137226e-16,485390415e-17,52016084250000005e-25,5543150425e-18,58835694250000004e-25,6225406325e-18,656012905e-17,6875284000000001e-24,716249835e-17,74135525749999995e-25,7621380725000002e-24,7782324025e-18,7884146049999999e-24,7929197025e-18,791215435e-17,7836969319999999e-24,7711154924999999e-24,75363171875e-19,73179463980000006e-25,70620542375e-19,6773269885e-18,6458405795e-18,6123239532500001e-24,577493264475e-20,54191572404999995e-25,50592653817499996e-25,4700403285e-18,43478098e-16,40023909475e-19,36681580325e-19,33464313497499996e-25,30392687774999996e-25,27470705425000004e-25,24696296825e-19,22069684925e-19,19580717825e-19,172166805475e-20,149579305e-17,12794416874999998e-25,10722589e-16,872809953e-18,6805282525e-19,493977385e-18,31068301749999996e-26,13076850750000002e-26,-4797634500000001e-26,-2278393835e-19,-41043386999999997e-26,-59886420575e-20,-7906712e-16,-986633425e-18,-11844229500000002e-25,-13867490500000001e-25,-15948512250000001e-25,-1810090725e-18,-20314246e-16,-22540439e-16,-24811543500000004e-25,-2711976525e-18,-294714435e-17,-31875847999999997e-25,-34336079999999995e-25,-368314175e-17,-39388072e-16,-419803375e-17,-4460998525e-18,-4723159775e-18,-49853693749999995e-25,-5241555275e-18,-5486120475e-18,-57079705999999995e-25,-590479655e-17,-60678528575e-19,-61973892425e-19,-62892986624999996e-25
-78989945e-17,-6612089275e-19,-54409479e-17,-42996171249999996e-26,-31769863499999997e-26,-20684891499999994e-26,-9571575250000001e-26,17916425000000005e-27,13710060499999998e-26,2584642295e-19,38225167537499997e-26,5110294500000001e-25,64517695e-17,7832345000000001e-25,9245130424999998e-25,10723325075e-19,1225860105e-18,138711698e-17,15559264049999996e-25,17338176825e-19,19205836e-16,21175922250000002e-25,23256270250000003e-25,25456163000000002e-25,27796753e-16,30296335999999995e-25,32968160999999998e-25,3584042599999999e-24,388624325e-17,41993747500000004e-25,4523559925e-18,4856961825e-18,51899626e-16,5526704650000001e-24,5858323125e-18,6183852502499999e-24,6488767600000001e-24,6777317650000001e-24,70363778550000005e-25,72615773250000005e-25,744449762e-17,758187855e-17,7660984455499999e-24,7682809199999999e-24,7652385350000001e-24,75665976075e-19,7428558422500001e-24,7244373e-15,70210349750000004e-25,67663503250000004e-25,6484866292499999e-24,6185730070249999e-24,5872017054999999e-24,5550206722500001e-24,5224688385e-18,4899981905000001e-24,4577918504999999e-24,4261033683000001e-24,39520347625e-19,36528226175e-19,33644064699999998e-25,30875383325e-19,2822477245e-18,25704128825e-19,23294602225000005e-25,20997289125e-19,188116153e-17,16718865325e-19,14727447475e-19,128173107e-17,109864111e-17,9232070524999999e-25,7548688550000001e-25,5904459775e-19,429872782e-18,27351593425e-20,12029103750000003e-26,-3205652749999999e-26,-18512720675e-20,-33830615500000003e-26,-4924587675e-19,-6471380500000001e-25,-8044489999999999e-25,-9626573500000003e-25,-11228408999999999e-25,-1284766375e-18,-14489117999999999e-25,-16165665499999999e-25,-1786807825e-18,-1960522475e-18,-21377929e-16,-2319922325e-18,-25073401499999998e-25,-2700920575e-18,-2900947075e-18,-31068158750000006e-25,-33222491e-16,-35465151e-16,-37820454e-16,-4027988675e-18,-4282979475000001e-24,-454371195e-17,-4805652775e-18,-506450995e-17,-53180650250000005e-25,-5559182475e-18,-57826945e-16,-5987580180000001e-24,-6172338842500001e-24,-63358083505e-19,-6465361100000001e-24
4201449975000001e-24,453183585e-17,4878601875e-18,5229653049999999e-24,5583727549999999e-24,5938699025000001e-24,628321995e-17,6613233374999999e-24,6919800525e-18,71936558e-16,7435789875e-18,7633334825e-18,7786324735e-18,788896685e-17,793954295e-17,79357711e-16,7874524325000002e-24,7756959155000001e-24,7583778829999999e-24,7359157375e-18,7092228325000001e-24,6786761200000001e-24,645494552e-17,61039956325e-19,57417414025e-19,5375606112500001e-24,501196063945e-20,465478461925e-20,430782345475e-20,397393001725e-20,36548189179949995e-25,33514307825e-19,30644052820000005e-25,279261891e-17,25359918725000003e-25,22928549860000003e-25,20627908702499996e-25,18453290425000001e-25,16387137849999998e-25,14421578950000001e-25,12550842225000001e-25,10756104274999999e-25,9031544599999999e-25,7370800562250001e-25,5759119900000001e-25,41935340499999997e-26,2659899175e-19,11583708249999999e-26,-3221390500000001e-26,-17833156000000001e-26,-32480418e-17,-4692013912500001e-25,-614808095e-18,-7613281024999999e-25,-908959922e-18,-10596102497499999e-25,-12103412574999998e-25,-13665054175e-19,-15211391500000001e-25,-16790121999999998e-25,-18383832499999998e-25,-19995083999999998e-25,-21648656999999997e-25,-232863465e-17,-2495175775e-18,-26627395249999997e-25,-28379294749999998e-25,-3019041125e-18,-32082638249999994e-25,-34110947749999995e-25,-36214624250000004e-25,-384512985e-17,-4073245500000001e-24,-431040505e-17,-4554015949999999e-24,-479546575e-17,-50383147500000004e-25,-527778685e-17,-5503265675e-18,-5713841275e-18,-5907374700000001e-24,-6084387805e-18,-6235140855000001e-24,-6357225950000001e-24,-64493178475e-19,-65089613325e-19,-65361662875e-19,-65326542675e-19,-6496047100000001e-24,-64270739167499994e-25,-6331577127499999e-24,-62120799125000005e-25,-6070823125e-18,-59133153525000006e-25,-57410226e-16,-5555044675e-18,-5358834255e-18,-51533223325e-19,-49409036750000005e-25,-47244654125e-19,-450504100005e-20,-4285043347499999e-24,-40635071125e-19,-38443089e-16,-36294344800000005e-25,-34185874424999996e-25,-32135798750000004e-25,-30167188225000004e-25,-282886019e-17,-26493955274999997e-25,-24787462275000004e-25
-1637998725e-18,-18052756999999999e-25,-19831599249999996e-25,-2169677125e-18,-236863415e-17,-25811609249999997e-25,-2809214075e-18,-30515253e-16,-33102149500000002e-25,-35780165499999997e-25,-38545356000000005e-25,-4147989625e-18,-44417332499999995e-25,-47469828e-16,-50523842e-16,-5369071025e-18,-5682770375e-18,-59881896500000005e-25,-6284050500000001e-24,-65628256e-16,-6820100524999999e-24,-70453673375e-19,-7230937974999999e-24,-7376179014999999e-24,-74716418e-16,-7517896957500001e-24,-75143116e-16,-74612102175e-19,-736266227e-17,-7221382527500001e-24,-7042971842500001e-24,-682800274e-17,-65858262475e-19,-6320108974999999e-24,-60348027200000004e-25,-57361476607499995e-25,-54285969725e-19,-51154293225e-19,-4801353519999999e-24,-4489567129999999e-24,-418224045e-17,-38841152125e-19,-35952185200000004e-25,-331741576e-17,-30515960525e-19,-27980643675000004e-25,-25573010375e-19,-23289321899999998e-25,-21124975925e-19,-19079377175000006e-25,-17136780725000003e-25,-15290553774999998e-25,-135284411e-17,-118401721e-17,-102133438e-17,-8643415949999999e-25,-712166905e-18,-5635204324999999e-25,-41822751e-17,-27304432000000003e-26,-12765727000000002e-26,155043395e-19,16090546399999998e-26,3065576205e-19,4535492724999999e-25,6009258775e-19,7496363125e-19,9007422524999999e-25,10526318475e-19,12066371749999998e-25,13648279e-16,15264938750000002e-25,16896885499999997e-25,1856183225e-18,202623305e-17,21994953750000003e-25,23763551000000008e-25,2555309975e-18,27388389e-16,29291934e-16,31286809250000003e-25,33358119249999997e-25,35504714749999997e-25,3770414725e-18,3995919675e-18,4226716125e-18,4464593025e-18,47007443e-16,4931530925e-18,5163584899999999e-24,5389322275e-18,5607190425e-18,5808947275e-18,598880075e-17,6141163324999999e-24,62672401475e-19,6361091297500001e-24,6416190452500001e-24,64360182e-16,64231579050000005e-25,6373626659999999e-24,629284755e-17,618375115e-17,605124385e-17,58997678e-16,57334516799999995e-25,55562155724999995e-25,5368368355e-18,5174003631e-18,497360498325e-20,47706336475000005e-25
-14737029775e-19,-161700923e-17,-17726583750000003e-25,-1941348825e-18,-2124925925e-18,-23220520749999997e-25,-25366870749999997e-25,-27693592250000002e-25,-30222056249999995e-25,-3292043825e-18,-35773615250000002e-25,-38785383e-16,-4196368175e-18,-453380805e-17,-4880995925e-18,-524189425e-17,-56105415e-16,-5968560075e-18,-631845025e-17,-6650902225e-18,-6961161025000001e-24,-7238667875e-18,-7476685725000001e-24,-76713742e-16,-7811872259999999e-24,-789418105e-17,-7917079225e-18,-7881557100000002e-24,-7786719949999998e-24,-7639564774999999e-24,-74442642e-16,-7204826125e-18,-6926612782500001e-24,-6615878185e-18,-6278909525000001e-24,-59231998175000005e-25,-55553201375e-19,-5182715237499999e-24,-48105097860000005e-25,-4442122523249999e-24,-4081298527500001e-24,-3730336422500001e-24,-33914937725000003e-25,-30657045000000005e-25,-275460316e-17,-24573043825000002e-25,-21740468475000002e-25,-1903496879775e-21,-16450332450000003e-25,-13978853577500001e-25,-11596944024999999e-25,-9288487475e-19,-704178265e-18,-48487897e-17,-2686615575e-19,-5918155525000001e-26,15038418400000001e-26,361143794e-18,57213357875e-20,78708533375e-20,10063217499999998e-25,12300083825e-19,1460792155e-18,16985494499999997e-25,1940119325e-18,21868977499999997e-25,24379395250000002e-25,2693359925e-18,295028455e-17,32103480749999996e-25,3475231325e-18,37412641750000005e-25,4010195024999999e-24,4284315275e-18,456099845e-17,4833592575000001e-24,51065803e-16,5370869425e-18,562957885e-17,5873862925e-18,60953965249999996e-25,6286069324999999e-24,6445297674999999e-24,6562791719999999e-24,6638373970749999e-24,6666816815e-18,6649575875e-18,65899664e-16,649100035e-17,6359471385e-18,6190050765e-18,59965022925e-19,57805102e-16,55467068475000005e-25,5300808785e-18,5048584494999999e-24,47930288675e-19,45379870725e-19,4284667894999999e-24,4035626427499999e-24,379236215325e-20,35548434099999998e-25,332353512475e-20,31009433374999995e-25,28874127850000004e-25,26818928625000004e-25,248649931e-17,2300256565e-18,21207490199999995e-25,1952819425e-18,17945718700000002e-25
-193964855e-17,-2104824325e-18,-22851108999999996e-25,-24768543750000003e-25,-26799766250000003e-25,-2892318875e-18,-31191966500000003e-25,-33559398e-16,-36029479e-16,-3859731675e-18,-4124080324999999e-24,-439218275e-17,-46727496999999995e-25,-4949028525e-18,-5221584375000001e-24,-54942249249999996e-25,-5763997285e-18,-602431315e-17,-6269482399999999e-24,-6496000742500001e-24,-6696866775e-18,-6872579825e-18,-7017290600000001e-24,-7126542225000001e-24,-71960709325e-19,-7224718575000001e-24,-7208427850000001e-24,-7148391475000002e-24,-7046145499999999e-24,-6904343824999999e-24,-67247391275e-19,-65131815525000005e-25,-6276573624999999e-24,-6018620930000001e-24,-57452381775e-19,-5460179065e-18,-517111071e-17,-48798272542499994e-25,-45916284475e-19,-430738312625e-20,-4029497044999999e-24,-37609617325e-19,-3502276365e-18,-32538033852499998e-25,-30163796024999997e-25,-27891261074999997e-25,-25731014815e-19,-23657841524999997e-25,-21688780025e-19,-19817769125e-19,-18028087499999997e-25,-163195825e-17,-1469188295e-18,-13134632149999999e-25,-11644004900000001e-25,-10206862574999998e-25,-8822842474999999e-25,-7475457800000001e-25,-61665123275e-20,-4870110325000001e-25,-35823305975e-20,-2319401385e-19,-106389205e-18,1802590749999997e-26,14167403775000002e-26,26761332250000003e-26,39310431125000007e-26,5180872575e-19,63937004e-17,7575423875000001e-25,87749235e-17,9941578699999998e-25,110847459e-17,12185188e-16,1328114025e-18,14355062000000002e-25,1544748e-15,16542630749999998e-25,17682041749999998e-25,18878003749999997e-25,20141586000000004e-25,214747065e-17,22883626999999998e-25,2439516375e-18,26005688250000003e-25,27703427500000002e-25,2955330475e-18,31502665500000007e-25,335946565e-17,35831910000000002e-25,38204233500000006e-25,4066437024999999e-24,43219193000000005e-25,45906754499999995e-25,4868742725e-18,515852885e-17,54502294499999995e-25,5740677325e-18,602153975e-17,6288652625e-18,6538529934999999e-24,6758749050000001e-24,69483213874999984e-25,7100103675e-18,7211800075e-18,72755444599999995e-25,7294569249999999e-24,7266982975000001e-24,71989149e-16,7090095200000001e-24,6948872322500001e-24
-10040696449999998e-25,-7946129489999999e-25,-5952021935e-19,-40255670725000003e-26,-21326849999999997e-26,-2722712000000002e-26,15872746750000002e-26,3447318905e-19,53315109825e-20,72612126e-17,921372025e-18,11255116499999999e-25,13369593e-16,1556925225e-18,17838184249999997e-25,2018566975e-18,22585035000000003e-25,25109919749999996e-25,27685729499999998e-25,30351543000000003e-25,33075071250000002e-25,35849611e-16,387224275e-17,416555715e-17,4461600925e-18,4757287424999999e-24,5052063149999999e-24,5337158725e-18,5609799025e-18,58587104750000005e-25,6078409707500001e-24,62681516575e-19,64207605100000005e-25,6540320474999999e-24,6618905975000001e-24,665883184025e-20,6665699400000002e-24,663187373e-17,6563250210000001e-24,6456684424999999e-24,631629993e-17,614545435e-17,594916677495e-20,5731873044e-18,5496398135e-18,52537214875e-19,5004735974999999e-24,4750493424999999e-24,449569575e-17,4244263225e-18,39979960075e-19,3759371753750001e-24,35301767375e-19,33110928199999997e-25,310238905875e-20,29036294074999995e-25,27134742025e-19,25305187699999998e-25,23552655950000006e-25,218717751e-17,20257417750000002e-25,187057897e-17,17219585624999997e-25,1577247385e-18,14375081975000002e-25,13024186825e-19,11706535699999999e-25,1041021795e-18,9144380024999999e-25,7922801875e-19,6734315675e-19,55864539975e-20,4464161625e-19,337764905e-18,23033357249999999e-26,12651765875e-20,25681463500000013e-27,-72243285e-18,-16663687525e-20,-25857324500000005e-26,-34699553e-17,-43191454999999996e-26,-51327413e-17,-5903623250000001e-25,-66251487e-17,-731519305e-18,-7983851825000002e-25,-861444571e-18,-92298631e-17,-984185764e-18,-10455982875000003e-25,-11076377438e-19,-11723601675e-19,-12403271665e-19,-13125755800000002e-25,-13912236215e-19,-14754685337499999e-25,-156591506e-17,-16647359725e-19,-177478013e-17,-18951073125e-19,-20276605650000004e-25,-21735276824999996e-25,-23342130749999997e-25,-251172885e-17,-2705502325e-18,-29106663e-16,-313084165e-17,-33644124499999995e-25,-36134661500000004e-25,-38754986250000005e-25
10514085999999999e-26,-78612835e-18,-259201835e-18,-43748391999999996e-26,-6189320000000001e-25,-803650725e-18,-9933342e-16,-11885958750000001e-25,-1392564925e-18,-160571415e-17,-1825578975e-18,-205770605e-17,-22998797500000005e-25,-25527248500000006e-25,-2815876e-15,-30907613e-16,-33743491249999993e-25,-36687855250000003e-25,-39743981750000005e-25,-4289453075e-18,-4611069025e-18,-49356594e-16,-525849485e-17,-55757427500000005e-25,-5877136825000001e-24,-615429205e-17,-6402106349999999e-24,-66187992499999985e-25,-6797719205e-18,-6935186875e-18,-70264311000000005e-25,-7072374070000001e-24,-707624691e-17,-7039202925e-18,-69570625375e-19,-6837115599999999e-24,-667705954e-17,-64841160725e-19,-62647106925e-19,-6022717578249999e-24,-5763569997499999e-24,-5491015459999999e-24,-5213049750000001e-24,-4931868e-15,-4650979125000001e-24,-43735224385e-19,-4101395595e-18,-3836984212499999e-24,-35812971399999997e-25,-33356793525000004e-25,-310030355e-17,-28751635172499998e-25,-266013554375e-20,-245240641875e-20,-22550646974999997e-25,-20679771274999996e-25,-18892757195000002e-25,-17178460312499999e-25,-15522708549999998e-25,-1394036905e-18,-12415434625000001e-25,-10929370075e-19,-9470566074999999e-25,-8052862500000001e-25,-668009505675e-21,-5320608775e-19,-39884173774999996e-26,-26874046024999996e-26,-14166972525e-20,-18524162499999993e-27,10354437849999999e-26,22307845500000001e-26,34323236524999994e-26,461546545e-18,5798988299999999e-25,6963314134000001e-25,8084851925e-19,9179905649999999e-25,1024367025e-18,112876605e-17,1231297975e-18,13317199849999999e-25,14346110475e-19,15387879500000002e-25,16467525250000003e-25,17591838750000001e-25,18776365899999996e-25,2003008345e-18,21381125975000002e-25,22831259799999996e-25,243939997e-17,260569758e-17,2784692425e-18,2975370925e-18,31788104749999994e-25,3393771675e-18,36172713749999995e-25,3845702475e-18,408676805e-17,4339788875e-18,4597958125e-18,485767285e-17,51162663e-16,53731373e-16,5623585175e-18,5862180325e-18,6083097575e-18,62818508750000005e-25,64503046525e-19,65869822e-16,6689508225e-18
-6455334402500001e-24,-6189729505499999e-24,-5914404037499999e-24,-56296744800000006e-25,-5340741755e-18,-50475430699999995e-25,-47541309724999995e-25,-44626025675e-19,-41751436075e-19,-38922268599999996e-25,-36149331375e-19,-33439504179999993e-25,-30811615075e-19,-2829575695e-18,-25880995525000004e-25,-23585879500000004e-25,-21402503050000004e-25,-19335755125e-19,-1737504755e-18,-1550566235e-18,-137174918e-17,-12016741899999999e-25,-10395057925e-19,-8849554942499999e-25,-7374238725e-19,-5950671805e-19,-45660377275e-20,-3213702017499999e-25,-18699686749999995e-26,-5632479574999997e-26,7278304359999999e-26,20123075000000004e-26,3301907e-16,4581169625e-19,589034495e-18,7189761425000001e-25,85460715e-17,99487747e-17,113788575e-17,12825496925e-19,14294518525e-19,15787180799999998e-25,17331150100000002e-25,1893117375e-18,206037745e-17,22369469249999997e-25,2423285275e-18,26227177e-16,2834764875e-18,30617052750000003e-25,3303337725000001e-24,35570827000000003e-25,38168643e-16,4087689575e-18,4363578325e-18,4644192724999999e-24,492879135e-17,52129167250000004e-25,54894256e-16,575810705e-17,6017012549999999e-24,6254233599999999e-24,64674916500000005e-25,665127495e-17,6800947224999999e-24,6907438104999999e-24,6977096784999999e-24,7000254275e-18,698070984e-17,6913582665000001e-24,680563655e-17,6663207812499999e-24,6486939915000001e-24,6286189777499999e-24,6063005420000001e-24,58242393975e-19,55716986e-16,53107843975e-19,50426855025e-19,47728066824999994e-25,450316923e-17,4236860744e-18,39758524075e-19,37204877185500004e-25,34729892405e-19,323303856525e-20,30015295232249994e-25,27792198925e-19,25651119450000003e-25,2359471195e-18,2163294575e-18,19748972375000004e-25,179421687e-17,162134447e-17,14556440075e-19,12959772125e-19,11405262474999999e-25,9887869075e-19,841218565e-18,69769721e-17,5582985750000001e-25,42200601924999997e-26,28774995199999994e-26,15367615249999998e-26,19759682500000002e-27,-1147423425e-19,-25021131499999997e-26,-385431578e-18,-520030925e-18,-654368275e-18,-78952625e-17
14777516250000001e-26,249675625e-18,34816451e-17,448844065e-18,552683675e-18,6582701249999999e-25,7671587250000001e-25,877384775e-18,9929903249999998e-25,1113777175e-18,1243893195e-18,13837794800000001e-25,15337739025e-19,1696572425e-18,1871617575e-18,20616384500000003e-25,22649384e-16,24846302999999996e-25,27195748e-16,2972146125e-18,32397016999999996e-25,35231932999999995e-25,3825343075e-18,414480085e-17,44740947500000005e-25,48175090999999996e-25,517338425e-17,55275228250000004e-25,5886840225e-18,6244968149999999e-24,65921944999999995e-25,6913931025000001e-24,7210354885e-18,7471549525e-18,76842797625e-19,78414068245e-19,7936038875e-18,7967966425e-18,7936534775000002e-24,784523723e-17,76960680775e-19,7493710164999999e-24,7249628199999999e-24,6967969810499999e-24,6654062846e-18,631419398525e-20,5956946452499999e-24,558728437525e-20,52134180504999994e-25,4839153192500001e-24,4470077465000001e-24,4109610377500001e-24,37583112875e-19,34184435025e-19,30925151024999996e-25,278013397e-17,24825093075e-19,2198076055e-18,1926054735e-18,16653621599999996e-25,1414964845e-18,117445939e-17,9422460200000002e-25,718236355e-18,4993735825000001e-25,28344981500000004e-26,6926241749999999e-26,-14080458749999998e-26,-35130951749999997e-26,-564391978775e-21,-7785665250000001e-25,-99861335e-17,-1221892375e-18,-14517178000000002e-25,-16808454999999996e-25,-19141295249999997e-25,-21504552749999998e-25,-2387961775e-18,-26310984999999997e-25,-28779065749999998e-25,-31297932e-16,-3384266375e-18,-36405796499999997e-25,-3900742924999999e-24,-4165833775e-18,-44372593e-16,-47116453e-16,-49896041e-16,-527088565e-17,-554743905e-17,-581521525e-17,-6068412950000001e-24,-6298015124999999e-24,-64965300624999995e-25,-6654667777500001e-24,-67674248750000005e-25,-68353909102500005e-25,-68495546125e-19,-682002955e-17,-6742573590000001e-24,-66216696e-16,-64630680749999995e-25,-62658389875e-19,-60409662899999995e-25,-5796052045e-18,-5534811175e-18,-5260282647500001e-24,-4981659465e-18,-4700403327499999e-24,-44205127125e-19,-4142159105e-18
-2168884575e-19,-15848374249999998e-26,-10009353e-17,-4157941649999999e-26,20175122500000004e-27,812801325e-19,1438988975e-19,20628074849999997e-26,2684795169e-19,3309133825e-19,39399749999999996e-26,456522575e-18,5211976175e-19,586833152e-18,6538960825e-19,7240872500000001e-25,7975684824999999e-25,8746212225000001e-25,95570806875e-20,10428540324999999e-25,11380055700000002e-25,12445347149999999e-25,13606973925e-19,14870707875000002e-25,16272898175000001e-25,17851182124999998e-25,19598768625e-19,215196475e-17,23647115250000003e-25,2598129575e-18,28483564000000004e-25,3120557175e-18,3408780925e-18,37200715749999992e-25,4056033799999999e-24,4410561525e-18,47824960999999996e-25,51779539e-16,55853779e-16,59948643749999994e-25,64046419750000005e-25,6802506375000001e-24,7182095825000001e-24,7527898275e-18,7828923785e-18,8076940649999999e-24,825806387e-17,8369555424999999e-24,8408813652499998e-24,837784375e-17,8272441815e-18,8101404635000001e-24,7872028350000001e-24,75922261675e-19,7267103357499999e-24,690561307e-17,65165308825e-19,6109410717499999e-24,5692831672499999e-24,5272810679749999e-24,48572314499999994e-25,4451002934499999e-24,4056933525e-18,36778519425000004e-25,33155778704999997e-25,29696493972499998e-25,26409108375e-19,23289923075e-19,20321913375e-19,17495938369999999e-25,14796272700000002e-25,1221226165e-18,9715423855e-19,7295618972500001e-25,493375545e-18,26437826125e-20,4076331499999999e-26,-179765043475e-21,-39804370274999994e-26,-6180683725000001e-25,-8403843000000002e-25,-10651757500000001e-25,-1294439125e-18,-15272408249999998e-25,-1765487e-15,-200824895e-17,-22545936999999997e-25,-2506498375e-18,-27643586e-16,-30274766749999997e-25,-32961420500000004e-25,-35719247999999997e-25,-3853059225e-18,-4138319925e-18,-44227485e-16,-4707039950000001e-24,-49908344e-16,-5269809675e-18,-5539500775e-18,-5790816750000001e-24,-6023536525e-18,-6224235725000001e-24,-6394750415000001e-24,-6525187097500001e-24,-661186941735e-20,-66540372474999995e-25,-6646501165e-18,-6595539852500001e-24,-6500605862499999e-24,-63608426525e-19,-61831278225e-19
22590401000000002e-26,4173295005e-19,6062322024999999e-25,79798136425e-20,99294435e-17,11940298749999998e-25,140093355e-17,16141601750000002e-25,18326826250000001e-25,2057258e-15,2293570475e-18,25332116000000003e-25,2779823475e-18,303957385e-17,33095688750000002e-25,3589406900000001e-24,38814126e-16,41824328000000005e-25,448996935e-17,4796018375000001e-24,51013114e-16,5387153649999999e-24,5665278475e-18,593076375e-17,61732916175e-19,6390842375e-18,6581728275e-18,67344621e-16,6851856102500001e-24,692685005e-17,69643677e-16,6956446225000001e-24,69120395999999995e-25,68261452399999995e-25,6699703045499999e-24,65381603e-16,634498592e-17,6126383875000001e-24,5884555878e-18,56240417824999996e-25,5352061245e-18,5070828481500001e-24,478671339e-17,45015392575e-19,4218094554e-18,3940091554999999e-24,36680083000000003e-25,34045316925e-19,3148915309e-18,29006027650000003e-25,266276007e-17,24317095875e-19,2212932805e-18,20025019875e-19,1798315735e-18,1601866095e-18,14113780899999997e-25,122663684e-17,10469603232500001e-25,87237716175e-20,700937035e-18,5325342125e-19,36540915e-17,19951615000000001e-26,353059275e-19,-12947643425e-20,-29376397549999997e-26,-45858864099999995e-26,-6226873699999999e-25,-7863629109999999e-25,-9523779275e-19,-11188958275e-19,-1284625875e-18,-14514399249999999e-25,-16194134499999997e-25,-17905911e-16,-1961097325e-18,-21289687750000004e-25,-22977684250000003e-25,-246897335e-17,-26446179999999997e-25,-28274012750000004e-25,-3018451475e-18,-321957465e-17,-3428340175e-18,-36473071500000006e-25,-3875928374999999e-24,-4111659275e-18,-43517265999999996e-25,-4594276925e-18,-4835848375e-18,-50750640000000005e-25,-5306283725e-18,-5527972675e-18,-57359949750000005e-25,-5928757425e-18,-60944433000000005e-25,-6233561174999999e-24,-6342830525e-18,-6424499725000001e-24,-6473988025e-18,-6489379274999999e-24,-6474296225000001e-24,-6424344825000001e-24,-6344407874999999e-24,-6232182724999999e-24,-6097019505e-18,-59411760375e-19,-5769294025000001e-24,-5584540545e-18,-53892892325e-19
-592364305e-17,-6190703875000001e-24,-6450902824999999e-24,-6691227824999999e-24,-6907590547500001e-24,-7094034900000001e-24,-7245009905e-18,-73572498375e-19,-7424601975e-18,-74431467225e-19,-740842415e-17,-7326469850000001e-24,-71914878e-16,-7010702764999999e-24,-67896381049999995e-25,-6535793804500001e-24,-625336575e-17,-595200195e-17,-56382060525e-19,-53161477575000005e-25,-49909359750000005e-25,-46683031249999994e-25,-435038987e-17,-40410281325e-19,-3740936640000001e-24,-34524887200000004e-25,-31765542574999997e-25,-29109732575e-19,-265827226375e-20,-24162427215e-19,-21850713375e-19,-196418969175e-20,-17530888075000001e-25,-15510382250000001e-25,-13569316124999999e-25,-117004733e-17,-9901494612499998e-25,-81642306e-17,-648536725e-18,-484389085e-18,-32337079e-17,-16643742999999997e-26,-10500071749999997e-27,14403901999999998e-26,2982846725e-19,45216420099999996e-26,6089195500000001e-25,7669029749999999e-25,9281764999999999e-25,10890661499999999e-25,1251667925e-18,14175546750000002e-25,1581245725e-18,17480461e-16,19168058e-16,2088607025e-18,2264323675e-18,2445817625e-18,2632596525e-18,282721965e-17,302959975e-17,32413489000000002e-25,34632434e-16,36965516749999997e-25,3944489225e-18,420283125e-17,4473508375e-18,475011655e-17,5031856375e-18,530532665e-17,55692736000000005e-25,5819626125e-18,6055827042500001e-24,62772913749999996e-25,6470689449999998e-24,663587695e-17,67654389e-16,68570933125000024e-25,6908496799999999e-24,6915984717499999e-24,68848313574999996e-25,6814607325000001e-24,67058493149999995e-25,65637973750000004e-25,6393602550000001e-24,62005612875e-19,59896346999999996e-25,57616650725e-19,55216385575e-19,527034754e-17,5012738547500001e-24,47525698924999995e-25,44899990500000005e-25,4226908624999999e-24,39658443649999995e-25,37096438899999998e-25,34572124899999996e-25,32105062099999998e-25,29712648849999997e-25,274133564225e-20,2520669595e-18,23092782125e-19,21069155125e-19,19132022125e-19,17284306285e-19,1551175165e-18,13810261975000002e-25,121864854e-17,10619476675e-19,9099338274999999e-25,7644594450000001e-25
5505537074999999e-24,5850252700000001e-24,61925055249999996e-25,65186967500000005e-25,6826787725e-18,710650431e-17,7353653050000001e-24,75567508e-16,7713773174999999e-24,7819672775e-18,78692597e-16,7861874525e-18,77959097e-16,7670751625000002e-24,74919840975e-19,7260847699999999e-24,6986094512499999e-24,6676809275e-18,6340166690000001e-24,598396895e-17,56166655074999995e-25,5244440565e-18,4872627664999999e-24,45065255425e-19,4150925457e-18,380707183175e-20,34778392725e-19,31630004199999997e-25,28628403147500002e-25,25764927749999997e-25,23036562475e-19,2043309405e-18,179387359e-17,15545552324999999e-25,13248423325e-19,11038663775e-19,8899948049999999e-25,6830579924999999e-25,4816353217499999e-25,2851706525e-19,9241843242500001e-26,-9859913e-17,-2874876425e-19,-4778021025e-19,-6697761275e-19,-8638339250000001e-25,-10625190000000003e-25,-126568525e-17,-1473941675e-18,-168772885e-17,-1906598675e-18,-2132822975e-18,-2365289175e-18,-2605016525e-18,-28512311e-16,-310245615e-17,-33593158250000007e-25,-36193960999999997e-25,-38819338250000004e-25,-41463838e-16,-4413001975e-18,-467885085e-17,-49341086500000004e-25,-51776645e-16,-54080285999999995e-25,-562086955e-17,-58116954975e-19,-59762319675e-19,-6114008620000002e-24,-6217239759999999e-24,-6286102875000001e-24,-63200983375e-19,-6316832275e-18,-6277805435e-18,-620464370125e-20,-6103051275e-18,-5972093652499999e-24,-58190535774999995e-25,-56464798875e-19,-5456812215000001e-24,-525549535e-17,-504623055e-17,-4829423145000001e-24,-461095874e-17,-4392197502499999e-24,-41736977275e-19,-39594037479999994e-25,-3751415934e-18,-35501627449999998e-25,-335607695e-17,-3170225925e-18,-29929621825000005e-25,-28240734699999997e-25,-266180219225e-20,-25065445425e-19,-23563047485000003e-25,-22128384325e-19,-207679043e-17,-19464249547499998e-25,-18237224025e-19,-1706610015e-18,-15968088345e-19,-148867767e-17,-13821048075e-19,-12790206175e-19,-11800136445e-19,-10842563950000003e-25,-9937204875000001e-25,-9082924804999999e-25,-8268199725e-19,-7490711299999999e-25
12646017925000002e-25,1187850085e-18,11164849024999997e-25,1051797425e-18,9934737450000001e-25,93998341e-17,8921507250000001e-25,85113695e-17,8155905850000001e-25,7853153599999998e-25,7628654825000002e-25,7472249674999999e-25,7367763175e-19,7328309675e-19,7359538825e-19,7448902425e-19,76076321e-17,78279172e-17,81087461e-17,8474666550000001e-25,893634215e-18,9506926475000002e-25,10198421295e-19,11008837275e-19,11968093725e-19,130538254e-17,142719768e-17,15613877e-16,17059823749999999e-25,18628001250000003e-25,2030598225e-18,22075273999999997e-25,23975128250000004e-25,25984554250000003e-25,28122495249999995e-25,30386341e-16,32798877999999996e-25,35326110249999998e-25,3800369775e-18,4083913875e-18,43738910249999996e-25,4671247825e-18,4974552675000001e-24,52786998e-16,557780155e-17,58724172999999994e-25,6149763175e-18,64115579825e-19,66479314249999994e-25,685213815e-17,702196239975e-20,7158797525000001e-24,7254923275000001e-24,73072193750000005e-25,7316728225e-18,727917455e-17,7198181625e-18,707293252e-17,6906167547500001e-24,67027645725e-19,64670430874999996e-25,6205162545500001e-24,5921268682499999e-24,5623746289999999e-24,53166611175e-19,5005486895e-18,4693763000250001e-24,43862258525e-19,4085058185e-18,37922209432500005e-25,35097076599999994e-25,32389208342500002e-25,29793071325e-19,272971508e-17,24903725625e-19,22624214450000003e-25,2043387755e-18,18333503074999996e-25,16315624825e-19,14366931805000001e-25,1249196075e-18,10681355695000002e-25,8931501674999999e-25,7227448174999999e-25,55698788e-17,3937737725e-19,23313422925e-20,7455351249999999e-26,-8283698749999999e-26,-241528966e-18,-39924032499999996e-26,-5568828162500001e-25,-7135108765e-19,-87142485e-17,-10315185e-16,-1193022285e-18,-13505129499999998e-25,-15045969249999998e-25,-1656536225e-18,-180741715e-17,-1957408775e-18,-2107381375e-18,-2257208175e-18,-24109657000000003e-25,-2569195775e-18,-273330495e-17,-2903965925e-18,-30852784000000002e-25,-32772209500000003e-25,-3478886875e-18,-36925870000000002e-25
-73995785e-16,-7854702225e-18,-82684997e-16,-863344645e-17,-89300441e-16,-91453556e-16,-926605805e-17,-9293235775e-18,-92235556e-16,-9062173849999999e-24,-8814746975e-18,-849449755e-17,-810764971e-17,-76696492525e-19,-7194012325000001e-24,-66930103775e-19,-6178822215000001e-24,-5661401277500001e-24,-51500210225e-19,-46513250225e-19,-41704157375e-19,-37111447628774997e-25,-32743064725e-19,-286133874e-17,-24717877275e-19,-21038811512499997e-25,-17557925975000002e-25,-14259170600000001e-25,-11108476700000001e-25,-8093964650000001e-25,-5184073325e-19,-23511258750000003e-26,4215216324999999e-26,31543129724999997e-26,5849038402500001e-25,8533745e-16,112363195e-17,13971424000000001e-25,167426845e-17,19603383e-16,2253495975e-18,2555010275e-18,28659109500000004e-25,31847844e-16,35129883249999998e-25,3848819024999999e-24,41910287e-16,45399768e-16,48943276e-16,5249093725e-18,56013236000000006e-25,59465735249999995e-25,6276683075e-18,6586304425e-18,68625403e-16,70981678749999994e-25,7281732399999999e-24,74068501925000005e-25,7469328075e-18,7465200709999999e-24,73957284825e-19,72616104575e-19,7064215532e-18,681414748e-17,6518455725000001e-24,6185312129999999e-24,58253086645e-19,54461290899999996e-25,505582404675e-20,46582356349999995e-25,426012345e-17,38659657499999995e-25,34786201749999994e-25,309860444e-17,2728661925e-18,23706567635e-19,2024976985e-18,16911226924999998e-25,13695555450000003e-25,10584547099999999e-25,7573810574999999e-25,4655023875e-19,18029702e-17,-9970959750000001e-26,-37909180749999997e-26,-65607518e-17,-9322204975000001e-25,-12102673249999998e-25,-14897636750000002e-25,-17750567499999997e-25,-20647558999999997e-25,-23589909e-16,-2659692575e-18,-2959961125e-18,-32673512000000003e-25,-35792958750000006e-25,-38952241e-16,-42171239500000004e-25,-4545201125000001e-24,-48747777750000005e-25,-51996665e-16,-55145203e-16,-58211629e-16,-6108025925e-18,-6372430475e-18,-6602814475e-18,-6797128425e-18,-694435929e-17,-7042168725e-18,-70871917749999995e-25,-7080349449999999e-24
-13186248925e-19,-11752872565e-19,-10460325424999999e-25,-92111930325e-20,-798807995e-18,-6783739325e-19,-559588979e-18,-441615924125e-21,-3245770575e-19,-20789571999999999e-26,-9221038999999999e-26,24606232499999983e-27,1424624875e-19,26397389375e-20,387663638e-18,5132504875e-19,64219752e-17,7726148129999999e-25,905184295e-18,10383509425e-19,11718249700000002e-25,13061631500000001e-25,14433997000000001e-25,158343315e-17,17281748250000001e-25,18807928499999997e-25,204296585e-17,2215756975e-18,24001771e-16,2601842475e-18,2820698875e-18,30590674750000003e-25,33157723e-16,35888443250000003e-25,38739273000000005e-25,41747746e-16,44864534e-16,4806134849999999e-24,5133591525e-18,54676948e-16,5799397925e-18,6126618974999999e-24,6436648075000001e-24,6730087625e-18,699768785e-17,7235893399999999e-24,7433805225e-18,75852657325e-19,7687399400000001e-24,7733640505e-18,772005661e-17,76540257e-16,75319380375e-19,7361173049999999e-24,71501913e-16,6903231325e-18,66255056625000015e-25,63253495025000005e-25,60080114750000015e-25,5678888911499999e-24,534364261e-17,50067118925e-19,4671073402500001e-24,4340721058099999e-24,401818043e-17,37064830182500006e-25,34055615525000004e-25,3116411245e-18,28404325025000002e-25,25769058074999997e-25,232596661375e-20,20875301375e-19,18603855279999999e-25,16440067325000003e-25,14373267025000002e-25,12382610325e-19,10450947880000001e-25,8583897874999999e-25,6774459575e-19,50123386e-17,32892719999999996e-26,15855122750000002e-26,-10492179999999996e-27,-1792841465e-19,-348569635e-18,-5187975325e-19,-6902708095e-19,-86433215e-17,-10404050249999998e-25,-12178086000000001e-25,-13968467e-16,-158127025e-17,-1769628675e-18,-196110795e-17,-215479145e-17,-23514363e-16,-255161685e-17,-27549056500000002e-25,-29595635000000004e-25,-31694227249999996e-25,-33867992249999993e-25,-36099021250000004e-25,-3841651425e-18,-4081245175e-18,-4328669475e-18,-45786706250000005e-25,-4830762475e-18,-5082103925e-18,-5325652849999999e-24,-555669065e-17,-57762634999999995e-25
-7023399525e-18,-7311808374999999e-24,-7576054175e-18,-7794361075e-18,-7963241900000001e-24,-807801685e-17,-8132481675e-18,-8125857974999998e-24,-8061248625e-18,-7939310425000001e-24,-7763112125000001e-24,-7538910424999999e-24,-7271640697500001e-24,-69685235025e-19,-6638355365000001e-24,-62853908674999995e-25,-591712262e-17,-55411967125e-19,-51627424575000006e-25,-4787587179999999e-24,-4420702645e-18,-4065698125e-18,-37234120150000005e-25,-3397595195e-18,-30875147774999996e-25,-279423738025e-20,-251578314e-17,-22533123975000003e-25,-20052766985000003e-25,-17715734350000002e-25,-15500867525000001e-25,-13392031524999998e-25,-11380093649999998e-25,-9444290399999999e-25,-75824266e-17,-5774317e-16,-40163926499999995e-26,-22879898624999998e-26,-5756467225e-20,11191131250000001e-26,2800205105e-19,4476005771e-19,6179949625e-19,793553173e-18,97706594e-17,1166434875e-18,136240105e-17,1566934125e-18,17783637e-16,1996981825e-18,22229023249999998e-25,245498705e-17,26967743e-16,2946368125e-18,320429875e-17,34707349249999996e-25,374584295e-17,40302494000000004e-25,4320608425e-18,461645425e-17,4916797525000001e-24,5214979149999999e-24,5506847575000001e-24,5783249675e-18,60393223000000005e-25,62676009500000005e-25,6461105990000001e-24,6613026565e-18,672355704375e-20,67889039e-16,680672946e-17,6780552725e-18,67122136e-16,65997347175e-19,6453502499999999e-24,62699395225e-19,606212774e-17,58325200775e-19,55845703125e-19,53249431100000004e-25,50576826499999995e-25,47855682e-16,451316857e-17,42410621000000005e-25,39744602750000004e-25,37150528525000004e-25,34640071874999992e-25,32235577315e-19,29951948675e-19,27786068775e-19,25742154525e-19,23819193975000002e-25,22002973875e-19,202739795e-17,18629043574999995e-25,17064400575e-19,15564004050000002e-25,14135399075000001e-25,12763691175e-19,1143037512725e-21,10113677925e-19,8826436724999999e-25,75543327525e-20,630742565e-18,50985114075e-20,39156425000000005e-26,28026441e-17,1733232375e-19,6890565499999998e-26,-3355180000000001e-26,-1364168575e-19
