14325529e-17,1580881045e-19,17751958899999999e-26,200817941e-18,22827748875000004e-26,25855703375000003e-26,29265696999999994e-26,32878776500000003e-26,368359871e-18,41353622425000003e-26,46570683575e-20,4044089725e-19,35863400500000004e-26,3220055075e-19,29316168e-17,2717516275e-19,25716775e-17,2479577525e-19,2436459625e-19,2467398225e-19,25662985975000003e-26,9410153249999997e-26,-612814875e-19,-21509784375e-20,-36927365e-17,-5262341427500001e-25,-6915373824999999e-25,-866180705e-18,-1054072665e-18,-125916355e-17,-14845961499999998e-25,-2141821075e-18,-279754955e-17,-34613432749999994e-25,-4133921725e-18,-48106480999999995e-25,-548889135e-17,-61590696e-16,-681793125e-17,-744026545e-17,-8025482975e-18,-8179303125000001e-24,-8200107075e-18,-8089466250000001e-24,-7859758124999998e-24,-75205886775e-19,-7088372297499999e-24,-6575899517500001e-24,-5999242855e-18,-53747462774999995e-25,-47199997042499995e-25,-3994068438e-18,-3291248135e-18,-26134091575e-19,-19611886124999997e-25,-133371906e-17,-7274646049999999e-25,-13922535499999998e-26,4347631275e-19,999869217475e-21,15549556249999998e-25,19475e-13,23534897e-16,276940775e-17,31982146e-16,3639465425e-18,409170855e-17,4556384875e-18,50313031999999996e-25,551313095e-17,59975652500000006e-25,63939776499999995e-25,683012985e-17,729725175e-17,7783259275e-18,8271381125e-18,874012155e-17,9170040225e-18,95377362e-16,9822804250000001e-24,10008302224999999e-24,10262447225e-18,10426915175e-18,10481627724999998e-24,104229688575e-19,102544422575e-19,9983671655000001e-24,96221838225e-19,9187766319999999e-24,8698011375e-18,8173640604999998e-24,7687495025e-18,71720352975e-19,6643773132499999e-24,61160281025e-19,5596676007499999e-24,50951195765e-19,4616347175000001e-24,4163389135e-18,37381892475e-19,33417700825000005e-25,29049963275e-19,2501100375e-18,2123515895e-18,17694830250000001e-25,14359681e-16,112108626e-17,82146505e-17,5334091574999999e-25,253670927e-18,-1974900499999999e-26,-26605546625e-20,-5142221122499999e-25,-7657279012250001e-25,-10220190749999999e-25,-1283428475e-18,-15514459e-16,-18284952500000002e-25,-2111282025e-18,-24035139e-16,-27056845e-16,-30117349e-16,-3340297624999999e-24,-3683452675e-18,-40374155250000005e-25,-4401201325000001e-24,-47693138999999995e-25,-51401750500000004e-25,-5506703675e-18,-58582613e-16,-6188842825e-18,-64568711e-16,-6679779514999999e-24,-6857794055e-18,-6981254572499999e-24,-70493360274999995e-25,-7065929295e-18,-70228762575e-19,-69270383499999996e-25,-67790787375e-19,-6582069175e-18,-63367282e-16,-6055267025e-18,-5746870832499999e-24,-5417406725e-18,-5075677734250001e-24,-4727097765e-18,-437852503e-17,-403165103e-17,-36909568375e-19,-335906766675e-20,-30393678625e-19,-2735830835e-18,-24433679522499997e-25,-21612273275e-19,-1890332725e-18,-16291426675e-19,-13759255625000003e-25,-1130477545e-18,-8920893049999999e-25,-657258295e-18,-45295675125000003e-26,-2538068225e-19,-5488520950000003e-26,14323052175e-20,34455947e-17,54700217e-17,7515448999999999e-25,96074516325e-20,11746332e-16,13926180572499997e-25,15058007750000004e-25,16302448999999996e-25,1762929225e-18,19017755250000003e-25,20488348749999997e-25,22032117e-16,2365907625e-18,2536278325e-18,27147264999999995e-25,2902625425e-18,30251308499999997e-25,3173832925e-18,3342002125e-18,35304433750000003e-25,37392271750000005e-25,39673e-13,42134687749999995e-25,44775745500000005e-25,4755703425e-18,50372193e-16,5282255499999999e-24,5551642399999999e-24,584447715e-17,61562855e-16,64811063e-16,68112152000000005e-25,7139429950000001e-24,7450256099999999e-24,7732295674999999e-24,7973892825e-18
-3993188455e-19,-38220008e-17,-37652541750000005e-26,-3810655925e-19,-39692317749999995e-26,-4232162925e-19,-45876856249999996e-26,-5042511075000001e-25,-5602899525000001e-25,-6231647924999999e-25,-693631405e-18,-760347862e-18,-8334151725e-19,-9166849999999999e-25,-1013929325e-18,-11292671e-16,-12635093500000001e-25,-14221165749999998e-25,-16091361e-16,-18249242250000003e-25,-2070518375e-18,-2238579075e-18,-24431201e-16,-2691028775e-18,-2989068425e-18,-33416010499999996e-25,-3746643975e-18,-42085381e-16,-472703175e-17,-52995659750000005e-25,-59121827e-16,-65429694500000004e-25,-7202852399999999e-24,-788347345e-17,-857915825e-17,-9260023974999999e-24,-9904139975000002e-24,-10468645825000001e-24,-10925347e-15,-11246171825000001e-24,-11409288375e-18,-11455245175e-18,-11323383649999999e-24,-11023019625e-18,-105686671075e-19,-9990441192499999e-24,-931659168425e-20,-8581915972499998e-24,-78152483575e-19,-70432415825e-19,-62865351850000005e-25,-55200131822499995e-25,-4785673212500001e-24,-408782471e-17,-34282476925000002e-25,-280681664e-17,-22208623900000002e-25,-16667766638250001e-25,-114042148525e-20,-6371558375000001e-25,-15232871e-17,2673286529e-19,6761347e-16,1078796525e-18,147864165e-17,18770549750000006e-25,227864285e-17,2686664775e-18,31041738000000004e-25,3533654675e-18,397743995e-17,437503995e-17,4801354675e-18,52555113e-16,57307524749999994e-25,6220219575e-18,6715646575000001e-24,720258695e-17,7667944424999999e-24,8093432825e-18,8461062475e-18,8751799699999999e-24,895832065e-17,907088827e-17,90820522045e-19,8993178115000001e-24,8806730270000001e-24,852764211e-17,81735781975e-19,7756728457500002e-24,72877238849999996e-25,6822949337500001e-24,63261273347500006e-25,58161260857000004e-25,53033836475e-19,479350985e-17,42963813750000004e-25,38152427949999995e-25,3352136945e-18,29097510450000002e-25,2487321925e-18,2064764315e-18,16688559725e-19,12930752337499998e-25,933513725e-18,58790455e-17,2543831699999999e-25,-688696e-16,-386764502075e-21,-7011273775e-19,-101367175e-17,-12449779e-16,-14829259500000001e-25,-17295005000000002e-25,-1984077125e-18,-22500197249999996e-25,-252750655e-17,-28175126499999997e-25,-31194816499999998e-25,-34347030750000003e-25,-376230755e-17,-405462165e-17,-43755314e-16,-4714885275000001e-24,-5064691625e-18,-54227672e-16,-5784939899999999e-24,-6142372499999999e-24,-64858671e-16,-6805065474999999e-24,-70891012e-16,-7342264629999999e-24,-7546277910000001e-24,-769596795e-17,-7791454072500001e-24,-78269252875e-19,-7805678e-15,-7720785005e-18,-75757484575e-19,-7378560125e-18,-71305135e-16,-68729101e-16,-658086104e-17,-62589412775e-19,-591502039e-17,-5559194335e-18,-51990013875e-19,-48406074175e-19,-448661783e-17,-4141718425e-18,-38080517575e-19,-34811095974999997e-25,-3172293875e-18,-28763838449999996e-25,-259332767e-17,-232223681e-17,-2062254091e-18,-18127051199999998e-25,-15715614650000001e-25,-13383125749999999e-25,-1109519315e-18,-9016056525e-19,-7005757375e-19,-5016439050000001e-25,-30359414500000004e-26,-10553215750000002e-26,9281935499999998e-26,2916718975e-19,4921139112500001e-25,6956699729999999e-25,9016097974999999e-25,10224200749999999e-25,11555738e-16,12954122e-16,14402193249999998e-25,15891779e-16,17442693e-16,190366e-14,20699238500000002e-25,22437587375e-19,24257567249999995e-25,256203165e-17,27182304499999998e-25,288926525e-17,30753171499999996e-25,3278491875e-18,35001978000000005e-25,3740256524999999e-24,3996596075000001e-24,4267877425e-18,4549088925e-18,4816572625e-18,5096132775e-18,5392837875e-18,5708728925e-18,6035407375e-18,6365895225e-18,66947934e-16,7013211650000001e-24,730648895e-17,7565142425000001e-24
25816305e-16,25894450500000005e-25,2648671735e-18,2755616725e-18,29099426250000004e-25,3115717575e-18,3364796375e-18,36486146749999997e-25,396903945e-17,4327748550000001e-24,47296508499999995e-25,46304460749999994e-25,4627326225e-18,47123203e-16,4897518125e-18,5174945000000001e-24,554338775e-17,5993175575e-18,65196222750000014e-25,7099135025e-18,771941285e-17,74912459e-16,7436436475e-18,753377325e-17,7785282325000001e-24,8187870474999998e-24,8722779625000001e-24,93723661e-16,1010990175e-17,10901607425e-18,11690908749999998e-24,10894904775e-18,1030830465e-17,99230115e-16,9733457725e-18,9734746175e-18,9914564649999999e-24,10257181e-15,10741013725e-18,1134067575e-17,1201391e-14,11363262000000001e-24,10635226975e-18,9827937725e-18,896887882e-17,8092448084999999e-24,7226782727499999e-24,639228625e-17,56027439225e-19,48653530750000005e-25,418268375e-17,47187923575e-19,525530745e-17,57666734e-16,62402393250000006e-25,66722956250000005e-25,7042559275e-18,73434295e-16,75603133e-16,76803962e-16,7705360125000001e-24,8025137549999999e-24,8406295249999998e-24,8824123625000002e-24,9259929875e-18,9692471675000001e-24,10097157775e-18,10447164250000001e-24,10722990925e-18,10899904200000001e-24,1096617525e-17,11290610175000001e-24,11673675375e-18,12082340575e-18,12478479975e-18,12822915074999999e-24,13085003750000001e-24,13233720025000002e-24,13252497825e-18,13137152474999999e-24,128948053e-16,13038576125e-18,1309617225e-17,13032226775000001e-24,12844395375e-18,12539873500000001e-24,121374393e-16,11661744975000001e-24,11139830525000002e-24,10600498325000001e-24,10067582825000001e-24,9521088e-15,89593567e-16,839554485e-17,784329895e-17,731575687e-17,6822929172499999e-24,637302996e-17,59702694375e-19,56186135075e-19,53182488749999996e-25,48487795625e-19,44292330135e-19,40527275935e-19,371586019e-17,34165328074999995e-25,315212545325e-20,29185658974999998e-25,27142342775e-19,25359903950000003e-25,23780773575e-19,20990311525000003e-25,183966249e-17,16021720075e-19,13823162325e-19,11734032100000001e-25,9759127225e-19,7884572974999998e-25,6082162734999999e-25,43051870775000005e-26,25358217250000003e-26,-8841294574999999e-26,-44344186500000006e-26,-801682184e-18,-11628270750000001e-25,-15275986500000002e-25,-1896130175e-18,-226758225e-17,-26435877249999997e-25,-30236343e-16,-3411127925e-18,-37380799249999995e-25,-4030169375e-18,-429376025e-17,-45237438e-16,-4718393374999999e-24,-4874358575e-18,-4987647732500001e-24,-505919838025e-20,-508274972e-17,-5062038675e-18,-4853367905e-18,-461601815e-17,-4356637149999999e-24,-40806390449999995e-25,-37926787135e-19,-34964089575e-19,-31957562625000004e-25,-2894376835e-18,-259137355e-17,-22900931725e-19,-199281617e-17,-170460279e-17,-14238366000000003e-25,-11521062635e-19,-8875465275000001e-25,-6301079775e-19,-37945814e-17,-136021605e-18,10506127774999997e-26,34405195775000004e-26,519272614e-18,702694375e-18,8903620525e-19,108292397925e-20,12784735277500001e-25,1478658404e-18,1679862525e-18,188242775e-17,208897535e-17,23015483e-16,24009838e-16,252008815e-17,2653250175e-18,27980723e-16,29524243499999998e-25,31179776999999997e-25,32948750499999994e-25,34831726e-16,3680840225e-18,388497725e-17,3992376525e-18,4134323025e-18,42977132e-16,44866195e-16,47040317000000005e-25,494778295e-17,52144311000000005e-25,550253125e-17,5808897575e-18,6122342975e-18,63604685750000004e-25,6633481775000001e-24,693062675e-17,724706465e-17,75705686e-16,7889996925000001e-24,8188196850000001e-24,8448894599999998e-24,8657466725e-18,880078537e-17
4825881800000001e-24,474627385e-17,4776584775e-18,4900517524999999e-24,5112491325e-18,5408260525e-18,578418355e-17,6237164474999999e-24,675690715e-17,73407479250000005e-25,7964067674999999e-24,7828931999999998e-24,7857102350000001e-24,8039167625e-18,8368431625e-18,8831963025000001e-24,9410282875e-18,10073929874999998e-24,1077203775e-17,11465673699999998e-24,12109126924999997e-24,11855042675e-18,11862344125e-18,1211547355e-17,125873014e-16,1323047e-14,13977650250000001e-24,14744088499999998e-24,154395815e-16,1598299175e-17,1629304925e-17,154161996e-16,14856669399999999e-24,145928164e-16,1461574315e-17,14889636000000003e-24,153690575e-16,15984612e-15,166454305e-16,1725649025e-17,1771743825e-17,16898131024999998e-24,15976434649999997e-24,14988069624999996e-24,14008618285e-18,131062996675e-19,12336358345e-18,11732402925e-18,11311943375e-18,11079017475e-18,110294124e-16,11487104025000001e-24,11927143549999997e-24,12279721e-15,1249780975e-17,12549171224999999e-24,12418287025e-18,12112419675000002e-24,11656460005e-18,1108466684e-17,10444878898e-18,107232163e-16,11087049000000001e-24,1149164605e-17,11898769975e-18,12267562499999999e-24,12565665625e-18,12762945225000001e-24,12834616999999999e-24,127729058e-16,12581794774999998e-24,12862421675000001e-24,13215012875e-18,135896718e-16,13943900499999997e-24,14232314499999999e-24,14420541499999998e-24,144811529e-16,14403729899999998e-24,14190106275e-18,13860511775000002e-24,139833998e-16,14005824000000002e-24,13903550899999999e-24,136724568e-16,13325077824999999e-24,12883523799999999e-24,123783294e-16,118395333e-16,11298719250000001e-24,10782519175000001e-24,10218568975e-18,9641481525e-18,906577905e-17,85078931e-16,7982167225e-18,7499706075e-18,70690291000000005e-25,6695330025000001e-24,63820331499999995e-25,61296773749999994e-25,56482549025e-19,522212758e-17,48477016525e-19,45205880675e-19,42404089175e-19,4003678195e-18,38083894025e-19,3651299135e-18,35304649224999998e-25,344099054e-17,314685388975e-20,28885309025e-19,2658713605e-18,24569036972500004e-25,22797467050000002e-25,21201860025000002e-25,197820258e-17,18532671075e-19,17369449187499996e-25,16277227850000001e-25,12614929105e-19,902473875e-18,5506385975e-19,20430778e-17,-1326845925e-19,-46800158e-17,-80218324e-17,-113768345e-17,-14765757e-16,-1822345225e-18,-21788859e-16,-25033320499999997e-25,-2809824575e-18,-30914068750000004e-25,-3352581925e-18,-35879765249999996e-25,-3796266175e-18,-3978803125e-18,-412815765e-17,-42418905249999995e-25,-40593422175e-19,-3851406822499999e-24,-36236265667500004e-25,-33809049925000002e-25,-31287081650000005e-25,-287038154e-17,-260662062e-17,-234019634e-17,-207200544e-17,-1805095575e-18,-15222127850000002e-25,-12465093520000002e-25,-97971247e-17,-7201452674999999e-25,-467920094e-18,-224793875e-18,11088782499999999e-27,24386702875000003e-26,4769848025e-19,712128495e-18,8768086499999999e-25,105463495e-17,12397753999999998e-25,14312251750000001e-25,16258988249999998e-25,18256030000000001e-25,2026384575e-18,22294021274999996e-25,2437592525e-18,26489475250000005e-25,2746706525e-18,28678403e-16,30058317250000003e-25,3157391374999999e-24,3321679625e-18,34981107999999995e-25,36878395499999994e-25,38862398999999996e-25,4092956275e-18,43020669750000005e-25,44047847500000004e-25,4544766925e-18,471338605e-17,4908576075e-18,51310566500000004e-25,5380236449999999e-24,5653426525e-18,5943826100000001e-24,6247545275000001e-24,655516845e-17,6786007975e-18,7053486824999999e-24,7347343374999999e-24,76579851e-16,7978596975e-18,8293308600000001e-24,8585357325e-18,88404648e-16,9040821775e-18,91729019e-16
67343484125000005e-25,66276455325e-19,6670526049999999e-24,6840006949999999e-24,7130161474999999e-24,7533071925e-18,8039968124999998e-24,8633096675000001e-24,929299225e-17,9994410524999999e-24,10695854924999999e-24,10530580575e-18,10591076675e-18,10855619624999998e-24,11297675825000001e-24,118787367e-16,12541978799999999e-24,13221649800000003e-24,13834079725e-18,1431966815e-17,14632073399999999e-24,14351757825000001e-24,1438835865e-17,14709031875000003e-24,15255031750000003e-24,15940032e-15,16647269499999998e-24,1727103975e-17,1770101e-14,178663565e-16,1772785665e-17,1680706695e-17,1624075645e-17,16005978549999997e-24,16083569225e-18,16429929499999998e-24,16982338e-15,17645190750000004e-24,183046085e-16,1883985875e-17,19144832499999998e-24,18264893724999998e-24,17290992575e-18,1626478075e-17,152720159e-16,14394909825e-18,13689510175000001e-24,13194129775e-18,12918250275e-18,12860858375000001e-24,12998306675000001e-24,13419630474999998e-24,13810134274999997e-24,140877766e-16,1419793955e-17,141085885e-16,13816337800000001e-24,13348172700000002e-24,12747051252499998e-24,120669995875e-19,113592504625e-19,116306754e-16,11994005725000002e-24,12394952574999999e-24,1279154085e-17,13138799775e-18,13396071650000002e-24,135307539e-16,1352761085e-17,1337992515e-17,13101683999999999e-24,13373404175000001e-24,1371612425e-17,140825936e-16,14422755200000001e-24,14695393624999999e-24,14863088324999998e-24,14899188475e-18,14796225225000003e-24,145617207e-16,14216763600000002e-24,14327340874999999e-24,14335548075e-18,14218405350000001e-24,13971251425000001e-24,13607289300000002e-24,1315001395e-17,12632177725e-18,12087300499999999e-24,11546400525e-18,11036802e-15,104642058e-16,988191155e-17,9302790225e-18,8745884375e-18,8223853225e-18,7747693299999999e-24,7327163925e-18,6967180575e-18,6670969649999999e-24,64391048e-16,595524437e-17,5529459115e-18,51564372045e-19,4834396980000001e-24,4562757015e-18,4337839129999999e-24,41585971125e-19,402096839175e-20,39204812275e-19,3855638261225e-21,35558543337500005e-25,32948529549999997e-25,30680607725e-19,28719950275e-19,27030104625e-19,25598149375e-19,24362611925e-19,2329107505e-18,22357450281749995e-25,21566776375e-19,1787422025e-18,143035086175e-20,10831653825e-19,7470605025e-19,42155348025e-20,10687750500000002e-26,-20524015e-17,-5172859725e-19,-8318772212499999e-25,-1153316875e-18,-15252361499999998e-25,-18713125500000002e-25,-2204707575e-18,-25221066500000003e-25,-281265675e-17,-30800721750000004e-25,-3325301975e-18,-354467925e-17,-3737652425e-18,-3905675475e-18,-37450280925e-19,-35582384693749996e-25,-33495599475e-19,-31258149775e-19,-289099717e-17,-26494432025000005e-25,-240254193e-17,-21514889775e-19,-189875604e-17,-16454131075e-19,-13659566330000002e-25,-10949312e-16,-8299549274999998e-25,-571545877e-18,-3221739875e-19,-8188917349999997e-26,150965075e-18,379421755e-18,6066570750000001e-25,8331407000000001e-25,9885075e-16,11569354750000001e-25,1331001525e-18,15087233049999997e-25,1691604275e-18,1877506e-15,20659605e-16,22574991750000003e-25,245406765e-17,26573153250000002e-25,27549963e-16,287509205e-17,301320625e-17,31662469249999997e-25,333263095e-17,35114824500000007e-25,37014155250000005e-25,39031285e-16,4113899575e-18,432640165e-17,4434884925e-18,4576824325e-18,47476791250000004e-25,4944462374999999e-24,5171555e-15,5421610225e-18,5698083325e-18,5995979949999999e-24,63043463750000006e-25,6612252349999999e-24,68501268250000004e-25,712169505e-17,741664535e-17,7728851275000001e-24,80454792e-16,8355012075000001e-24,86405969e-16,8885580374999999e-24,90725781e-16,9191351675e-18
819784479e-17,8120305862500001e-24,8212605499999999e-24,8453471275e-18,88301516e-16,9325197575e-18,9908330374999999e-24,10543650925e-18,111887913e-16,117956994e-16,12316581225000001e-24,12165285075e-18,12268008275000002e-24,12592014175000002e-24,13089918774999999e-24,13692744149999998e-24,14313080549999999e-24,14862947074999998e-24,15278164025e-18,154952873e-16,154885678e-16,15197079425e-18,15237695125e-18,155787735e-16,1615466125e-17,168647365e-16,17597887e-15,1821933975e-17,1861752e-14,18713434499999998e-24,18477800375e-18,17538272375e-18,16971827975e-18,16756229475e-18,168684915e-16,1725845825e-17,17845419750000003e-24,18518051750000003e-24,1914926475e-17,19610378750000002e-24,19799535750000002e-24,18913911e-15,1790903085e-17,16866747000000003e-24,1587192625e-17,1501024645e-17,1434120685e-17,13897785374999999e-24,136887394e-16,1370658925e-17,13922595550000001e-24,1432040455e-17,14683080649999998e-24,1492137855e-17,1497774295e-17,14824327e-15,14460993225000001e-24,1392514225e-17,13269276850000001e-24,1255498506e-17,11840749490000001e-24,12106531699999998e-24,12464604175e-18,128628318e-16,1324773425e-17,13576668725000004e-24,13808876300000003e-24,13910966925000003e-24,13867942575e-18,13680053824999997e-24,13365391575e-18,13631173974999999e-24,13970920625e-18,14331449150000001e-24,14665242275e-18,14928214874999998e-24,150801601e-16,15098454499999998e-24,14975234749999998e-24,14720821900000001e-24,14356988699999999e-24,14461447800000002e-24,14465551074999999e-24,1434346165e-17,14091978050000002e-24,13723759825000003e-24,13266135400000001e-24,12750233275000001e-24,12209214425000003e-24,116749848e-16,111747571e-16,1059679375e-17,100124919e-16,9432565025e-18,8874030474999998e-24,83520688e-16,7878718875e-18,7462345724999999e-24,71086254500000015e-25,6820759074999999e-24,65997217e-16,6114603167500001e-24,56887016649999995e-25,5317234715e-18,49996832574999995e-25,47333141349999996e-25,45161536725e-19,43444373775e-19,42164179225000004e-25,412995098e-17,4080762715e-18,3777113287499999e-24,35185151885e-19,32961403074999997e-25,3104204752125e-21,29433741924999997e-25,2806457185e-18,2691718227e-18,2594333688e-18,25149166925e-19,24491877525e-19,20791794075000004e-25,17204902224999998e-25,13754381877499998e-25,10442593999999999e-25,7267792500000001e-25,42038485499999997e-26,1216004075e-19,-17583794e-17,-475577285e-18,-7748735625000001e-25,-11574069249999999e-25,-15170985749999998e-25,-186431315e-17,-2197561775e-18,-2514783825e-18,-2810368775e-18,-3079116225e-18,-33277393249999997e-25,-35479796750000003e-25,-3746893225e-18,-35923405775000006e-25,-34109537749999996e-25,-321118688e-17,-29969448449999998e-25,-27729838749999997e-25,-25432065015e-19,-23082886e-16,-206859794e-17,-18253747775000003e-25,-1581386665e-18,-1308172065e-18,-10386455625e-19,-7767411200000002e-25,-5198457975e-19,-2685654325e-19,-27777582500000007e-27,2065322555e-19,43590153225000003e-26,6622188750000001e-25,888438175e-18,10461377775e-19,12141254300000001e-25,13886812275e-19,15670463250000004e-25,1746861425e-18,19288692000000003e-25,2115890925e-18,23046083e-16,24975087e-16,2696824225e-18,2792585725e-18,291301435e-17,304920795e-17,31987839999999996e-25,3362422475e-18,35391116750000003e-25,37292835750000005e-25,39293586250000006e-25,41353166499999995e-25,43434864e-16,4443229099999999e-24,457457545e-17,473381185e-17,49253245e-16,51437198e-16,5391183475e-18,56623329749999995e-25,5959176775e-18,6266658775e-18,6582751125e-18,68093300750000005e-25,7075000700000001e-24,7366810849999999e-24,76770565e-16,799482905e-17,8307446725e-18,859677295e-17,8846289775e-18,9039378825000001e-24,9165673500000001e-24
-290039978875e-20,-28224289275e-19,-28192613625000003e-25,-28760062875000006e-25,-29898055924999996e-25,-3159041175e-18,-3384064125e-18,-36661771499999998e-25,-4003779450000001e-24,-43934116e-16,-4835295275e-18,-4911660075e-18,-5071962725000001e-24,-5319084449999999e-24,-5658435675e-18,-6084987875e-18,-65955072250000005e-25,-71700805749999995e-25,-7790537549999999e-24,-8436863925e-18,-907418495e-17,-92078456975e-19,-9521673574999999e-24,-9999070349999999e-24,-10615756049999998e-24,-11330824374999999e-24,-12088446375e-18,-12822248699999999e-24,-1345980825e-17,-13932428775e-18,-1420594405e-17,-14716936774999996e-24,-15299691075000002e-24,-158887187e-16,-163789417e-16,-166971793e-16,-16796701e-15,-166523283e-16,-16283353149999997e-24,-15731158075e-18,-15051214549999998e-24,-149818997e-16,-14701593000000001e-24,-14241072999999998e-24,-13636715375000001e-24,-12935268874999999e-24,-12184570625e-18,-11432368849999999e-24,-10717071775e-18,-100675013e-16,-9505011350000001e-24,-8653003975e-18,-7862733475e-18,-7144445450000001e-24,-6503681725e-18,-5943736300000001e-24,-5465219924999999e-24,-50666908249999994e-25,-4745309025e-18,-44982364e-16,-43218849e-16,-38432933825e-19,-34255330974999996e-25,-30619917025e-19,-27463985300000002e-25,-24736622375e-19,-22393965675000002e-25,-2039434287e-18,-18720556e-16,-17337723700000003e-25,-16214643124999998e-25,-115496308e-17,-7114808e-16,-286704175e-18,1246077375e-19,528867585e-18,9310615625e-19,1334969425e-18,17446488750000002e-25,216461075e-17,25955447749999998e-25,3017801125e-18,34121139000000005e-25,37728324000000004e-25,4094605225000001e-24,4366881575e-18,45852541250000006e-25,47498864000000005e-25,48577542875000004e-25,4908575245000001e-24,4900977605e-18,4517941962499999e-24,41159688449999995e-25,36998323600000002e-25,32766793275e-19,285389328e-17,24321439925e-19,20148060315e-19,16025666975000002e-25,1196912755e-18,7973399525e-19,38746259474999997e-26,-1045761500000001e-26,-39974587275e-20,-7818706999999999e-25,-115884585e-17,-15314199999999999e-25,-19011193000000003e-25,-22653924e-16,-26248085749999997e-25,-29861411999999998e-25,-31896556750000006e-25,-34120920499999994e-25,-36509938500000004e-25,-3907051574999999e-24,-4178901474999999e-24,-4463835075e-18,-47600507e-16,-5067020225e-18,-537898385e-17,-56929325750000005e-25,-5953027774999999e-24,-62514719500000016e-25,-6575035525000001e-24,-6913765825e-18,-7263441175e-18,-7612045825e-18,-794787605e-17,-825578275e-17,-85221431e-16,-873070665e-17,-8945398725e-18,-9107688425e-18,-9212530725000001e-24,-92527845e-16,-9227906025e-18,-9130774575e-18,-89678230025e-19,-87439601025e-19,-846555965e-17,-8144878525e-18,-7869646250000001e-24,-7552077075e-18,-72035522925e-19,-6835709475e-18,-64568298150000004e-25,-6074439917499999e-24,-56972420675e-19,-53293158775000015e-25,-49756543799999995e-25,-46395085725e-19,-43023102645e-19,-39835333500000004e-25,-3682738589e-18,-33997163930000002e-25,-31328263075000006e-25,-288158206e-17,-26444607225e-19,-242011759925e-20,-22072638725e-19,-20031271975000003e-25,-17772945425e-19,-15650173225000003e-25,-13606393075e-19,-11656714425e-19,-977246795e-18,-7945807824999998e-25,-6176761149999999e-25,-44548488250000003e-26,-27557479e-17,-10746911749999999e-26,26648869250000005e-27,1682812625e-19,311747145e-18,45831550250000005e-26,604505275e-18,7516119700000001e-25,9002708825e-19,104972865e-17,1203206025e-18,1362453075e-18,15069176499999999e-25,16628605e-16,18256323e-16,1998436275e-18,2181803175e-18,23760048e-16,2582526475e-18,28033669000000003e-25,30405391250000005e-25,32898298000000004e-25,3570937475e-18,386525015e-17,4170820024999999e-24,4488337875e-18,4817621575e-18,515628555e-17,5498083399999999e-24,5835405e-15,61541097e-16,6453975950000001e-24
77933301e-16,7682952115e-18,7738710825e-18,793825775e-17,8270387950000001e-24,8726214849999998e-24,928265295e-17,9914502950000001e-24,10587321e-15,112589605e-16,11891321075e-18,11720067375000001e-24,11801411249999999e-24,12102168325e-18,1258038825e-17,13175446499999997e-24,13810087250000001e-24,14412538874999998e-24,14898479625000002e-24,15204853974999997e-24,15300868725e-18,14999976975e-18,15037704924999998e-24,153698805e-16,15936797749999997e-24,16640285e-15,17364828000000002e-24,17985496999999998e-24,18393979499999998e-24,1850987075e-17,18299905749999997e-24,17361640925e-18,1679179485e-17,165701223e-16,1667520475e-17,170552435e-16,17634887499999998e-24,18305632e-15,1894264675e-17,1941914675e-17,196309115e-16,18735291e-15,17745604825e-18,16708169725e-18,15715481299999998e-24,14850585e-15,14173815874999999e-24,13719416125000001e-24,13494879900000001e-24,1349744745e-17,13696090900000002e-24,14099400225e-18,1446809e-14,14716498825e-18,14785571625000002e-24,14647348375000002e-24,14303020674999999e-24,13784010325e-18,13140954697499996e-24,12432716235e-18,11719366009499999e-24,11990302875e-18,12349373849999998e-24,12745790349999999e-24,13132915474999998e-24,13467072649999998e-24,13706655800000001e-24,1381744305e-17,13784427624999999e-24,1360527725e-17,1329793655e-17,13567461e-15,13907174025e-18,142707353e-16,14605974624999998e-24,14867901600000001e-24,15020146074999998e-24,1503863045e-17,14917686225e-18,146640468e-16,1430147185e-17,14409453299999999e-24,144177502e-16,142991873e-16,14050532475e-18,136849669e-16,132272112e-16,12710792124999997e-24,12168791100000003e-24,11632627874999999e-24,111283927e-16,10554074224999999e-24,9971971975e-18,9392820375e-18,8835070175000001e-24,8312810525e-18,783850585e-17,7420538525000001e-24,706407095e-17,6773246375e-18,6548054675e-18,6064671905e-18,5638515605e-18,5267284762500001e-24,49493530724999994e-25,4681638455000001e-24,44616733050000005e-25,42892811025e-19,41595728700000005e-25,40685010764999995e-25,4015531425e-18,37143984700000003e-25,34530105655000007e-25,32285124698000002e-25,30373882845e-19,287388277125e-20,273613171275e-20,261545301675e-20,25146179624999997e-25,24282313975000005e-25,2356578105e-18,19864443975e-19,16274365599999999e-25,12809943249999999e-25,9477375475e-19,6273023225000001e-25,31787124249999996e-26,13026849999999992e-27,-29063687249999997e-26,-5956833325e-19,-9034117575000001e-25,-12827727750000002e-25,-16364642749999999e-25,-19795783499999998e-25,-2307608875e-18,-261249585e-17,-28959439999999994e-25,-315832135e-17,-33963296249999995e-25,-36089336749999998e-25,-37980867749999994e-25,-36416977799999996e-25,-34588033324999998e-25,-325814056e-17,-30421508025e-19,-28167651e-16,-25855631225000005e-25,-23486253385e-19,-21059409925e-19,-18613634525e-19,-16163257000000002e-25,-13408460975e-19,-10702825675e-19,-8064766199999999e-25,-5488875275e-19,-29729535749999994e-26,-55751570000000016e-27,176593335e-18,4054651475e-19,6325682e-16,8587577999999999e-25,10139912975e-19,11815889725e-19,13550751975e-19,15334360900000002e-25,17142485e-16,18979207625e-19,20833265750000002e-25,22714741e-16,246468845e-17,26630998250000004e-25,27621798500000004e-25,288496255e-17,30242792e-16,31767689e-16,3342604125e-18,35212023999999997e-25,37130726750000003e-25,391351695e-17,412158125e-17,43332322e-16,443084735e-17,4564894875e-18,47256762e-16,49153469999999994e-25,513365565e-17,538077335e-17,5651100675000001e-24,59436946e-16,6253116425000001e-24,656842415e-17,6799585025000001e-24,70671863e-16,73599615e-16,7673891275e-18,799155445e-17,830117425e-17,8590101725000001e-24,8835943849999998e-24,9027638825000001e-24,915345585e-17
7685628050000002e-24,76142796e-16,7702072325e-18,79314079e-16,8288507575e-18,8765339899999999e-24,9338959024999999e-24,998383255e-17,10657771925e-18,113206719e-16,11923819249999998e-24,11761567675e-18,1184947155e-17,12156682775e-18,12641831425e-18,1323883125e-17,13867565074999999e-24,14450532475000003e-24,14912783325e-18,151965346e-16,1526818945e-17,14977654525e-18,15018953699999997e-24,15358401e-15,1592284525e-17,1662662875e-17,17349720500000002e-24,17973675749999998e-24,1837813075e-17,1848945875e-17,18282089875e-18,17352479874999996e-24,16786237525e-18,16566743175e-18,1667001175e-17,170477095e-16,1762497825e-17,1829142125e-17,189263975e-16,19403143500000003e-24,1961848325e-17,1872053905e-17,1773087445e-17,16693031550000002e-24,15698310625e-18,1483230375e-17,14155002275e-18,13698576825000002e-24,13474623125000003e-24,13474802649999997e-24,13675678724999998e-24,14081006374999999e-24,14451814175000001e-24,14701057375e-18,14770690200000001e-24,146310675e-16,14286302899999997e-24,13766026800000003e-24,131227756e-16,12417104027499998e-24,116997212425e-19,11969889524999999e-24,12333009799999998e-24,127320088e-16,13120277925e-18,13458465549999997e-24,13698012550000001e-24,13810643799999998e-24,13777927800000001e-24,13602360250000001e-24,13297490725e-18,1356720005e-17,13909353774999997e-24,14273335874999999e-24,14608305075e-18,14871048925e-18,1502439175e-17,15043471824999998e-24,149220821e-16,14668458974999998e-24,14307314275000001e-24,144121155e-16,144190957e-16,1429872715e-17,1404750525e-17,13679134375000002e-24,13220666525e-18,12702388874999998e-24,12159739074999998e-24,11623305525e-18,11119768424999999e-24,10545113974999999e-24,9961642950000001e-24,93834936e-16,8825540975e-18,8303715899999998e-24,7829530475e-18,7411899325e-18,7055989749999999e-24,6764630574999999e-24,65396345999999995e-25,6056610325e-18,5631544749999999e-24,5262068849999999e-24,4944233561e-18,4676813552499999e-24,44570517649999995e-25,4282867875000001e-24,415238425e-17,40623179521725e-22,40092083700000004e-25,37087769300000003e-25,34465187475e-19,32190509622500004e-25,3025463505e-18,28607073167500005e-25,272261648475e-20,26054759072499998e-25,25032561e-16,2418565085e-18,2347618335e-18,19759562125e-19,16169598925e-19,12703237475e-19,93764412e-17,61753515275e-20,30863204625000004e-26,38490550000000005e-28,-2986942e-16,-6022877925e-19,-9096635825e-19,-12867611e-16,-16408646250000003e-25,-19853925e-16,-23095167750000003e-25,-2611256375e-18,-2895092275e-18,-3155461625e-18,-33900745250000003e-25,-360039755e-17,-3786175625e-18,-36285034625000005e-25,-34475689575000007e-25,-32447636725000003e-25,-3031072735e-18,-28077092375e-19,-25766218e-16,-23406637149999998e-25,-20997916425e-19,-18547344675000002e-25,-1609800785e-18,-13326739275e-19,-10612562949999998e-25,-7973496199999999e-25,-5389737175e-19,-2883838675e-19,-4729694999999997e-26,18595010675000002e-26,41550923999999997e-26,6420491949999999e-25,8720997249999999e-25,10278952749999999e-25,1196797875e-18,13708008500000001e-25,15508087824999998e-25,17355790861750002e-25,19220535225e-19,211102665e-17,23044458249999997e-25,2501514875e-18,2705965825e-18,2804550975e-18,29268474999999997e-25,30653520250000006e-25,3216640875e-18,33815742750000005e-25,35588491749999997e-25,37476937749999995e-25,394581735e-17,41513588000000005e-25,4360797375e-18,4462393550000001e-24,4601533500000001e-24,476723965e-17,4963670925e-18,5186351075000001e-24,543756875e-17,571766435e-17,60118988999999995e-25,6323583675e-18,66371404999999994e-25,6867665025e-18,7133987824999999e-24,7425452950000002e-24,7737859775e-18,8054020224999999e-24,83651931e-16,865441445e-17,8904286175000001e-24,9099619049999999e-24,9226358725e-18
62688224949999995e-25,61978970025e-19,6259145725e-18,643796575e-17,6728071475e-18,7122537474999999e-24,7605609575000001e-24,81622046e-16,8768805025e-18,9399493799999999e-24,10023368375e-18,9886094975e-18,9952826374999999e-24,10208209800000002e-24,10640879300000002e-24,112100627e-16,11870840875e-18,12564570475e-18,13223795250000002e-24,13783928575e-18,14180569099999998e-24,1390969075e-17,13951695774999997e-24,14267372400000001e-24,14801852324999999e-24,1546948625e-17,16168426e-15,16787426749999996e-24,1722765675e-17,17415174750000003e-24,17319683499999996e-24,164096138e-16,15848848725000004e-24,15610852875e-18,1567627075e-17,1601456975e-17,16558683500000003e-24,17222201e-15,178963985e-16,1846554625e-17,188234415e-16,17953578325e-18,1699140585e-17,15971619425e-18,14979204924999998e-24,14092440124999997e-24,13370819875e-18,12849862350000001e-24,12545140349999998e-24,12453223525e-18,125562951e-16,1298602745e-17,1338904545e-17,13683838975000002e-24,13817193149999998e-24,13758312e-15,135003591e-16,13064471350000001e-24,12489818225000002e-24,11828595502500003e-24,11130817224999999e-24,114084303e-16,1177459235e-17,1217202315e-17,125702426e-16,12923921024999997e-24,13190753074999999e-24,13342126575e-18,13356691625000001e-24,13230777824999999e-24,129744736e-16,132501226e-16,13594616100000002e-24,13962984975000002e-24,14306628700000003e-24,14582712200000002e-24,14754529925000002e-24,147954781e-16,14697159700000002e-24,14466006125000001e-24,14122665874999997e-24,14232020250000002e-24,14245073924999999e-24,14132779624999998e-24,138933296e-16,13537183324999998e-24,13087533525000002e-24,12576847475000001e-24,12035982974999999e-24,11497246899999998e-24,1098742575e-17,10415310575000002e-24,9832645925e-18,9255122975e-18,8697272475e-18,8174041875e-18,7697099375e-18,7275309549999999e-24,6913447375000001e-24,6614517350000001e-24,63804436e-16,5898906469999999e-24,54734206099999995e-25,51011286225e-19,477950257e-17,4506517915e-18,428085873e-17,4098872732500001e-24,3958044097500001e-24,385468370325e-20,37854225620000005e-25,34878163925e-19,32291623275e-19,30026991549999996e-25,28065673275e-19,26342194974999995e-25,24863730625e-19,23586635975e-19,22435017775e-19,21415706e-16,205601228e-17,16871941750000001e-25,13280295345e-19,9777893e-16,63705848925e-20,307961475e-18,-1115774499999998e-26,-32860638e-17,-6479806699999999e-25,-9702695232499998e-25,-12968019500000001e-25,-16666274e-16,-20095916000000004e-25,-23396485750000003e-25,-2649735175e-18,-2932621025e-18,-31940276750000005e-25,-34264523750000002e-25,-36312504000000004e-25,-3810132e-15,-3960912175e-18,-37942639625e-19,-36037791800000006e-25,-33932863499999996e-25,-316911628725e-20,-293418912e-17,-26919776499999997e-25,-24435734599999998e-25,-21915596525e-19,-19377514025e-19,-16819056050000002e-25,-14021805925000001e-25,-11290700663000002e-25,-862977735e-18,-601706015e-18,-34744983925e-20,-10332855000000002e-26,134653925e-18,36899551605e-20,601214945e-18,8339977449999999e-25,9957545500000002e-25,11699757999999998e-25,1350572475e-18,15363297749999997e-25,17261903750000001e-25,19199261924999997e-25,21155826125e-19,23126465425e-19,25143693e-16,272106315e-17,28226708250000004e-25,29460040749999996e-25,3087146225e-18,32416988749999997e-25,34096939750000005e-25,3588944575e-18,3779683550000001e-24,39789286750000004e-25,4186105375000001e-24,4397827125000001e-24,4504020425e-18,464694955e-17,4814805674999999e-24,501141865e-17,5236479175e-18,5487371550000001e-24,57642475249999994e-25,606047505e-17,6368403874999999e-24,6678225275000001e-24,6911644725000001e-24,71778330999999996e-25,7471104025e-18,7782863275e-18,8099572175e-18,840886285e-17,869948515e-17,8947241825e-18,9141453649999999e-24,9266861425e-18
5255579675000001e-25,5291768565000001e-25,5460747086e-19,5704978700000001e-25,6059212275000001e-25,652981915e-18,7102534725e-19,7784853152500001e-25,85860663e-17,9536183074999998e-25,10657418425e-19,9957744125e-19,9535132275e-19,92995729e-17,9265001925e-19,9431531585e-19,9773583975000002e-25,1029544855e-18,10989752775000002e-25,11873530000000002e-25,12967875e-16,1121719888e-18,9759889025e-19,8513023500000001e-25,7462840675e-19,6611126240000001e-25,595314695e-18,5471671874999999e-25,5160030475e-19,4997465049999999e-25,49491231325e-20,-17014080450000002e-26,-8112956249999999e-25,-14446705e-16,-2075273775e-18,-27089800250000003e-25,-334418645e-17,-3983099225e-18,-4630935725e-18,-52840731e-16,-5935872524999999e-24,-6166027300000001e-24,-628099805e-17,-62934347e-16,-620386585e-17,-6023633922499999e-24,-5760074475e-18,-5418981415e-18,-50093196675e-19,-4544407775e-18,-4033198845000001e-24,-33199830754999998e-25,-26275167725000003e-25,-1959665505e-18,-13160106874999999e-25,-6951803774999999e-25,-94732655e-18,4886139175000001e-25,10571416225e-19,16164289999999999e-25,21680522749999997e-25,2542189175e-18,2936582625e-18,33475002249999995e-25,3771389825e-18,4209618975e-18,4658778625000001e-24,5120148950000001e-24,5589614575e-18,606420525e-17,6537664099999998e-24,6918665275000001e-24,7346387975e-18,780523e-14,8281232775e-18,87565119e-16,9208468500000001e-24,9615571300000002e-24,9953442425e-18,10199693125e-18,1033709965e-17,105812757e-16,10733628900000001e-24,10777801975e-18,10707140610000001e-24,1052522827e-17,10240691815e-18,98677998175e-19,94240567e-16,8929381625e-18,8403472650000002e-24,7909593607499999e-24,7385691542e-18,6852179975e-18,63197339275e-19,57989250375e-19,5298403765e-18,48225701974999995e-25,437548466e-17,39595505949999995e-25,35750880549999996e-25,3136004525e-18,27318976375000003e-25,235652166075e-20,2005755385e-18,16778103299999998e-25,1369890855e-18,1078932525e-18,8018401e-16,5355475200000001e-25,27488698249999997e-26,2122963649999998e-26,-23037254999999996e-26,-4802333835e-19,-7311412924999999e-25,-986431575e-18,-12476168500000001e-25,-15153354499999999e-25,-179104295e-17,-20745910749999995e-25,-2364795225e-18,-26677881499999998e-25,-29921210749999997e-25,-333152035e-17,-3681715925e-18,-4040900575e-18,-440609475e-17,-477364585e-17,-514027055e-17,-549828825e-17,-5837034075e-18,-61159508250000004e-25,-634776083e-17,-6530061797500001e-24,-66653050275e-19,-67520650875000005e-25,-6786275099999999e-24,-67701230425000005e-25,-67036720843999995e-25,-65905068e-16,-6429322957499999e-24,-61850436075000014e-25,-5909330357500001e-24,-56045964375e-19,-5280973466575e-21,-4944712225e-18,-460198269425e-20,-425460234e-17,-39088256475e-19,-35666013675000002e-25,-32307931825000002e-25,-29150038175000005e-25,-26136404400000004e-25,-23229994456499996e-25,-2042044705e-18,-177054994e-17,-15074241225000003e-25,-1251864005e-18,-10026982775e-19,-7568246800000001e-25,-513912445e-18,-3102114775e-19,-11062088775000001e-26,8844933249999999e-26,2901228275e-19,4926145155e-19,696624955e-18,9044582999999999e-25,1115542375e-18,13304172e-16,15497695500000002e-25,16635291e-16,17905174e-16,1926341325e-18,20713556750000005e-25,2223710375e-18,23831751999999997e-25,255227275e-17,27300217749999998e-25,29155074250000004e-25,31099803e-16,3236624475e-18,3389142125e-18,35587132250000002e-25,3749511625e-18,39607767e-16,419213205e-17,4442527875e-18,47095644e-16,4986500125e-18,5271374225e-18,55114502750000005e-25,578027655e-17,607345705e-17,6384234174999999e-24,67086759249999996e-25,7035274024999999e-24,7357683325e-18,76598534e-16,7926262550000001e-24,814627363e-17
-731353435e-17,-72123779e-16,-7266665999999999e-24,-745554675e-17,-7771690775e-18,-8203248075e-18,-8735089325e-18,-9339381200000001e-24,-9982083e-15,-10628819075e-18,-11235472399999998e-24,-11252849975e-18,-11484461599999999e-24,-11906507699999999e-24,-12476574224999999e-24,-131333964e-16,-13797800849999999e-24,-1438895905e-17,-14831499900000001e-24,-15078264825e-18,-15100513324999998e-24,-15178924500000004e-24,-1552242095e-17,-16092622499999998e-24,-16782026000000003e-24,-17467175499999998e-24,-18019648e-15,-18341593e-15,-1837345925e-17,-18102061999999996e-24,-17560786e-15,-17960129249999996e-24,-18483129000000002e-24,-19006211000000003e-24,-1940181475e-17,-19575036999999997e-24,-19478331999999997e-24,-1911450475e-17,-185362225e-16,-178132295e-16,-170326755e-16,-16901378500000003e-24,-16540506000000004e-24,-1599890875e-17,-1532119005e-17,-14569315500000001e-24,-1380375735e-17,-13079903000000001e-24,-12440490824999999e-24,-119139688e-16,-115179498e-16,-10651038775e-18,-9864787925e-18,-917829255e-17,-8602377600000001e-24,-8144217149999999e-24,-7806164925e-18,-7587019625e-18,-748392045e-17,-749224575e-17,-7605286074999999e-24,-7101891275000001e-24,-670022685e-17,-63967513e-16,-6185543649999999e-24,-60622633e-16,-60207758e-16,-6056240924999998e-24,-6162099525e-18,-6332940650000001e-24,-6560455775e-18,-6057849700249999e-24,-5630197495e-18,-5271968355e-18,-49769770325e-19,-473967705e-17,-45561437775e-19,-44214715125e-19,-43322256325e-19,-428686617e-17,-428579107795e-20,-37575876687500004e-25,-32225592000000002e-25,-26755155275e-19,-212393721e-17,-157058885e-17,-1020024885e-18,-4728921825e-19,6837260749999998e-26,6071051625e-19,1141236937675e-21,8761555174999999e-25,6060742725e-19,34689447075e-20,99092745e-18,-13843283200000001e-26,-36686388075e-20,-585745972e-18,-7963968675e-19,-997510955e-18,-11885912824999998e-25,-15041015e-16,-18237071e-16,-2143259225e-18,-24591093e-16,-2772691275e-18,-308236665e-17,-3388898e-15,-36952089750000006e-25,-3999291675e-18,-4302291875e-18,-44961822999999996e-25,-4720326049999999e-24,-4963929925e-18,-5222921950000001e-24,-54961503e-16,-57793982999999996e-25,-607016185e-17,-6363119875e-18,-6652256125000002e-24,-692798625e-17,-7173662825000001e-24,-7467665850000001e-24,-7790731525000001e-24,-81298098e-16,-847385565e-17,-8808675375e-18,-9114750975e-18,-9374886975000001e-24,-9573058775e-18,-9693492874999999e-24,-9884915850000001e-24,-10020765024999999e-24,-10097702249999999e-24,-10104874949999999e-24,-10038385175e-18,-9899958200000001e-24,-9691630325e-18,-9422351524999998e-24,-9102811775e-18,-8746648624999998e-24,-8450101099999999e-24,-81137337e-16,-7748723e-15,-7365533550000001e-24,-6974958899999999e-24,-6585198949999999e-24,-620432857e-17,-5838248785e-18,-54915540225e-19,-51675936699999995e-25,-48178759974999995e-25,-44909209975e-19,-4186503968500001e-24,-3902137989e-18,-36381749392499996e-25,-33928743315000004e-25,-31653496450000004e-25,-29549324892500003e-25,-27594761025e-19,-2577579045e-18,-234681569e-17,-213265192875e-20,-19318550650000002e-25,-17419518050000003e-25,-156394667125e-20,-13958889725e-19,-12360885950000003e-25,-10842636225e-19,-9391228425e-19,-7980727375000001e-25,-6517019025e-19,-5089498249999999e-25,-368090841e-18,-22908757750000002e-26,-9439015499999999e-26,35535107500000004e-27,16328420525e-20,288733941e-18,4127062025e-19,5366833925e-19,6831600750000001e-25,8396945749999999e-25,100145895e-17,116635035e-17,13337287250000001e-25,150551775e-17,1685009525e-18,187286145e-17,2071579375e-18,2284263725e-18,25813458500000003e-25,28838228250000006e-25,3192690525e-18,35119211250000004e-25,38378141500000005e-25,417011165e-17,4510838624999999e-24,4854228875e-18,51917182e-16,55256254e-16
-241190509875e-20,-23411930000000004e-25,-23324630349999996e-25,-23713743325000003e-25,-24554180475e-19,-258519573e-17,-27608897000000003e-25,-2983441025e-18,-32543138e-16,-35735900250000007e-25,-393884745e-17,-4008930625e-18,-41542566e-16,-43741903e-16,-4670228450000001e-24,-5040342849999999e-24,-547968705e-17,-5983045999999999e-24,-6539081450000001e-24,-7127775825000001e-24,-7729527775e-18,-7873056375e-18,-8163510674999999e-24,-85986843e-16,-9163157975000001e-24,-982808385e-17,-1055383225e-17,-1128934885e-17,-11979261975e-18,-12562874124999998e-24,-12999671550000003e-24,-135289918e-16,-14134918825000003e-24,-14748477049999998e-24,-15280169625000002e-24,-1565911975e-17,-15837853925e-18,-15787906549999998e-24,-15518828025000002e-24,-150548749e-16,-14443220275e-18,-1439255135e-17,-14133170975000001e-24,-136942756e-16,-13111184e-15,-12425604075e-18,-11684447800000001e-24,-10931382075e-18,-10203416825e-18,-95289156e-16,-8929017525e-18,-80861075e-16,-72999242249999994e-25,-6578365725000001e-24,-5925869625e-18,-53451346e-16,-483507397e-17,-4393802845e-18,-40185456175e-19,-37058880375e-19,-345227997e-17,-29821562724999996e-25,-25624084724999996e-25,-2185443725e-18,-18446094975e-19,-15353185174999999e-25,-125238357e-17,-992317845e-18,-751031553e-18,-5256709125e-19,-3123868125e-19,13921627250000003e-26,5849102832500001e-25,10274146750000003e-25,147076805e-17,19177035e-16,23725467750000003e-25,283530755e-17,33084002250000004e-25,3789095175e-18,427904875e-17,4683311575e-18,5038404925e-18,53436914e-16,5586672874999999e-24,57583454999999995e-25,5859764540000001e-24,58839675645425e-22,58325047275e-19,571067386e-17,55259236325e-19,5102096245e-18,4661723200000001e-24,4208082932000001e-24,3748567640000001e-24,3288830577e-18,28332253374999997e-25,23815907874999995e-25,19375820625e-19,1501414965e-18,107277728e-17,66061852e-17,26391492975000003e-26,-12269581972500002e-26,-50248087e-17,-8762273799999999e-25,-124713465e-17,-16156543249999998e-25,-19827607e-16,-2346174275e-18,-27095151e-16,-29192001999999997e-25,-31429273499999996e-25,-33815773750000002e-25,-36370640000000007e-25,-3908703249999999e-24,-41931533749999996e-25,-4490667275e-18,-48002983e-16,-5116619275e-18,-5435827674999999e-24,-5701008325e-18,-6002723700000001e-24,-6328349925000001e-24,-667122925e-17,-7023242025000001e-24,-7374385675e-18,-7712181049999999e-24,-802455275e-17,-829546395e-17,-8508414175e-18,-872762355e-17,-889603565e-17,-9006333250000001e-24,-90552102175e-19,-9035906416825001e-24,-8949521950000001e-24,-8792773695000001e-24,-8572467257499998e-24,-8299928025e-18,-7982659249999999e-24,-77136539975e-19,-74005847999999996e-25,-7057322235e-18,-6693207982499999e-24,-631876612425e-20,-5940578305e-18,-55672927300000005e-25,-52026759175e-19,-4851715611749999e-24,-4516471425000001e-24,-41808973095000005e-25,-386417245e-17,-3564500829999999e-24,-32817620975e-19,-30136270525e-19,-2760376015e-18,-25211080925e-19,-22942964575000002e-25,-20785597575000005e-25,-1872445575e-18,-16496264925000003e-25,-143945923625e-20,-12368402250000001e-25,-10417224275e-19,-8520998675000002e-25,-667755935e-18,-4876669625e-19,-31097205075000005e-26,-13712069999999998e-26,352633575e-19,16691831e-17,3046445785e-19,44665733425e-20,58947766e-17,732661875e-18,87926915e-17,102672e-14,11766826100000002e-25,1331479825e-18,1490111775e-18,16369467750000002e-25,179885705e-17,1969843725e-18,21512923000000002e-25,23429515749999997e-25,25461506999999997e-25,2762274375e-18,29939123000000004e-25,32388732499999994e-25,34981448250000004e-25,37744575e-16,40642595750000005e-25,4366536850000001e-24,4683632025e-18,5007654100000001e-24,534564345e-17,56854185499999995e-25,60252311499999994e-25,63467057e-16,6647564575000001e-24
6552895849999998e-24,646908629e-17,6528663049999999e-24,670969795e-17,70061814249999995e-25,74129981e-16,7915553575e-18,849920455e-17,91379944e-16,9812584575000001e-24,10475834425000001e-24,10323460975e-18,103870776e-16,10650269925e-18,1108468495e-17,11656098725e-18,12308041425e-18,12975708125e-18,1358791155e-17,140871456e-16,14417770999999999e-24,1414353375e-17,14182191474999997e-24,14502212624999997e-24,15044812750000002e-24,15727913250000003e-24,1643906975e-17,1707284575e-17,17523784499999998e-24,17714044499999998e-24,17603390924999998e-24,16682228875000003e-24,16113076575e-18,158761776e-16,15947549e-15,16292959e-15,1684622825e-17,17512071e-15,18180702249999998e-24,18730911749999998e-24,1905654425e-17,181790988e-16,1721304665e-17,161908219e-16,15199559e-15,143211569e-16,13613324050000002e-24,13109369325000002e-24,12824320875e-18,12755745250000001e-24,12883532375000001e-24,13306726975000002e-24,13699526074999998e-24,13981671899999997e-24,14098000074999998e-24,14017613874999999e-24,1373514315e-17,13275457950000001e-24,1267976092e-17,12001481550000003e-24,112940211125e-19,115664375e-16,11925533075e-18,12329976525e-18,12729307675e-18,13080265549999998e-24,13340892774999997e-24,13482993175000001e-24,13485543249999998e-24,13345429250000003e-24,13076708175e-18,13351866100000001e-24,13694780399999999e-24,14062841575e-18,14407806775000002e-24,146822398e-16,14850249725000001e-24,14888537875e-18,14786206849999998e-24,1455113895e-17,14203817975e-18,14314878575e-18,14322741275e-18,14206512524999997e-24,13960729274999996e-24,13598026775e-18,13142271899999998e-24,12625465075000001e-24,1208050975e-17,115390373e-16,1102882925e-17,104538528e-16,9872383075e-18,9294243999999999e-24,87360272e-16,8212853999999999e-24,773642475e-17,7314708675e-18,6953309225000001e-24,66554883250000004e-25,6422300250000002e-24,59389350399999996e-25,55126852475000005e-25,51398230295e-19,48179697575e-19,45442871825e-19,431812004e-17,4136486635e-18,3997241825e-18,38953109624999995e-25,3828794658499999e-24,35281576254999997e-25,3265868625e-18,30398837575000003e-25,28444640550000003e-25,2675820765e-18,2529264625e-18,24009391975e-19,22862385575e-19,219003738925e-20,21064013175000002e-25,17348337850000001e-25,13762650375e-19,10270463e-16,6876931782499999e-25,36112727249999997e-26,4411515025000002e-26,-27141359500000004e-26,-58725577725e-20,-904674015e-18,-12289755249999998e-25,-15996116250000001e-25,-19450864499999996e-25,-22739142999999998e-25,-25864473000000003e-25,-28730075250000002e-25,-31337295250000004e-25,-3371546675e-18,-35854095249999998e-25,-377364295e-17,-393389565e-17,-3774114261749999e-24,-35849643775000005e-25,-33775048999999995e-25,-31527676675e-19,-29170141425e-19,-26726263524999997e-25,-242164095e-17,-21660382625e-19,-1908901005e-18,-16491948375000005e-25,-13671550574999998e-25,-10919372699999999e-25,-823249833e-18,-5611495475000001e-25,-3078996575e-19,-6325898349999998e-26,1737286675e-19,4053813625e-19,63357828e-17,859752325e-18,101705005e-17,118771485e-17,136279895e-17,15427583525e-19,17279828174999996e-25,19156408424999998e-25,210647589e-17,23007939250000003e-25,2498901475e-18,270365565e-17,28006515e-16,29219581000000003e-25,3061648125e-18,32149703000000002e-25,33827161999999993e-25,35626727249999997e-25,37544615e-16,3954400475e-18,41614040000000006e-25,4376680900000001e-24,4481521475000001e-24,46238612e-16,4792029825000001e-24,4990863099999999e-24,5217906149999999e-24,546942505e-17,5747190825e-18,6043464400000001e-24,63490133500000004e-25,6657406674999999e-24,688841685e-17,7155258124999999e-24,744764535e-17,77590665e-16,8078660450000001e-24,8389889499999999e-24,86797348e-16,8927837650000001e-24,9121138074999998e-24,9247414875000001e-24
5149266007499999e-24,5065287825e-18,5097203075e-18,5230375149999999e-24,545732495e-17,5779073275e-18,6188390399999999e-24,6677797425000001e-24,72410171e-16,7856724099999999e-24,8509520375e-18,837580265e-17,8416217475e-18,8620187599999999e-24,8979363375e-18,9476836575e-18,10093380999999999e-24,1078361395e-17,11501075725e-18,12190852750000002e-24,12799135200000001e-24,1255223335e-17,12579225925000001e-24,1285692225e-17,133493719e-16,13994744250000003e-24,147112275e-16,154071857e-16,159785012e-16,16355794249999996e-24,16481840425000002e-24,15610384575e-18,15048449375e-18,14792408475000002e-24,14822573425000002e-24,1511237525e-17,15610003499999998e-24,16246497250000003e-24,16926230499999998e-24,17547043749999998e-24,180039715e-16,17176463125e-18,16240738925e-18,15243322799999997e-24,1425801115e-17,13359091975e-18,126011917e-16,12021344449999999e-24,116340244e-16,11441954675000001e-24,11437077224999999e-24,11887678825e-18,1231792905e-17,126547949e-16,128498759e-16,128709286e-16,127046337e-16,12360817375e-18,1186943807e-17,11269412875e-18,106050016925e-19,108855057e-16,11249625374999999e-24,116536803e-16,12058176325e-18,12425361075000001e-24,12715427224999998e-24,1290122355e-17,12959203975e-18,12883718300000001e-24,1267841975e-17,12961481025000001e-24,13310790924999999e-24,13684161774999999e-24,14035897675e-18,14321514649999997e-24,14504543724999999e-24,145608966e-16,14476480925000002e-24,1425804845e-17,13924039024999997e-24,14044302875e-18,140648518e-16,1396065675e-17,13729036275e-18,133797936e-16,1293633295e-17,12428912524999999e-24,11889442925e-18,11347730475e-18,10831060425e-18,10261809825e-18,9684161475e-18,9107325449999999e-24,8550210375e-18,8025336975e-18,7544940275e-18,7116489e-15,674600515e-17,64365542e-16,61891830500000005e-25,57066619075e-19,52793754155e-19,4904423168000001e-24,4578306905e-18,4298791515e-18,40644327425e-19,387153297e-17,371682701195e-20,35987167696000003e-25,35145060775e-19,32214301824999992e-25,29610958725e-19,27322835749999995e-25,253240906725e-20,23578723464999997e-25,22007672350000002e-25,2058799475e-18,19323946525e-19,18181056552500005e-25,17131702025000004e-25,1347399335e-18,9878170875000001e-25,63485002e-17,28995200499999995e-26,-453542875e-19,-37582523249999994e-26,-7050165845e-19,-10349925500000002e-25,-13670009499999998e-25,-1702255225e-18,-205608715e-17,-237918215e-17,-2683754025e-18,-29672320749999993e-25,-32291297750000003e-25,-346897695e-17,-36839409750000007e-25,-3868034575e-18,-40259245249999995e-25,-4148613075e-18,-3972825085e-18,-3768444362500001e-24,-354315086975e-20,-33032216085e-19,-305548666575e-20,-28007932129e-19,-254119371825e-20,-2279044307e-18,-20161165075e-19,-175253721e-17,-14716576500000001e-25,-11974509625e-19,-9302574449999999e-25,-6717022250000002e-25,-4208283750000001e-25,-17780776000000003e-26,5964861824999997e-26,294911282375e-21,5306557575000001e-25,7663968750000001e-25,928704175e-18,11049155050000003e-25,128841806e-17,14782032175e-19,16722828365e-19,187043892e-17,20719490755000003e-25,2275103575e-18,2483409675e-18,269641545e-17,27978456999999997e-25,292228225e-17,30635116749999996e-25,321915295e-17,33878217499999997e-25,35669305749999996e-25,37579867999999996e-25,395869885e-17,41668533e-16,437928055e-17,448407955e-17,4624320375e-18,4795652e-15,49917197250000005e-25,521630855e-17,5466582375e-18,5744013974999999e-24,6037638624999999e-24,6346480949999999e-24,6655618749999999e-24,6883201200000001e-24,7145437025e-18,7438261424999999e-24,7748277775e-18,8063603775e-18,8375593850000002e-24,8662157824999998e-24,8908857275e-18,9099941075e-18,922602565e-17
448383623775e-20,4419862775e-18,445322237e-17,4569840700000001e-24,4766476999999999e-24,5041791275000001e-24,53943955e-16,5817867925e-18,6314240925e-18,6870665524999999e-24,7474463e-15,73418146250000005e-25,7363985900000001e-24,753098175e-17,7838520475e-18,8272798949999999e-24,8823860824999998e-24,94599919e-16,10148975174999999e-24,10853313424999999e-24,11523618575e-18,11267159475e-18,11260935049999999e-24,1148631435e-17,1192194625e-17,12530141050000003e-24,13254111e-15,14019280000000001e-24,1474679325e-17,1535479725e-17,1576387625e-17,149234722e-16,143610833e-16,140893915e-16,14090670499999996e-24,14338994975e-18,1479122325e-17,1538327e-14,16035599e-15,1665829175e-17,1715825175e-17,16345065575e-18,15445547650000004e-24,14474171099999998e-24,13501150395e-18,12594297872500001e-24,11805489113000001e-24,111699009075e-19,107019315575e-19,10406548225e-18,10284312225e-18,107556937e-16,11213262075e-18,11591816275e-18,1184675705e-17,11945515550000002e-24,11872597e-15,11627695425000001e-24,11228620945e-18,10708953752499999e-24,10103499110000001e-24,1038273115e-17,10740451325000001e-24,11138572e-15,115453155e-16,119238469e-16,12243744799999998e-24,1247057805e-17,12582532125000001e-24,12566828625e-18,124241404e-16,12710679050000002e-24,13063871825000001e-24,134429847e-16,13800223425e-18,14096262900000002e-24,14291532899999998e-24,143592865e-16,14287173824999999e-24,14079688775e-18,13753492975e-18,13878381125000001e-24,139025676e-16,13803248575000002e-24,13575867274999999e-24,1323141375e-17,12793115625e-18,12289691899999999e-24,11751762825000001e-24,112093222e-16,1068878155e-17,10122081025000001e-24,9544019550000001e-24,8968166224999998e-24,84103761e-16,7883821175e-18,73999092250000005e-25,6966381850000001e-24,6588873625e-18,62700494250000005e-25,6011710449999999e-24,55316484275e-19,510505496e-17,47288171825e-19,44003524575e-19,41159177125e-19,38737770925e-19,36718343925000004e-25,35057322775e-19,33727633400000002e-25,326946049e-17,29773832875000003e-25,27178118550000002e-25,24853253625e-19,228057563525e-20,2096514675e-18,19319220025e-19,17837533175e-19,16464250375e-19,15212113907499999e-25,13995348299999998e-25,1036345185e-18,6771284125e-19,32063289999999995e-26,-2994875474999999e-26,-37847338e-17,-7249879350000001e-25,-1072456075e-18,-14233195249999999e-25,-1775850025e-18,-21338707999999996e-25,-2483839075e-18,-2802334325e-18,-30955257000000002e-25,-33676865000000005e-25,-36164323749999996e-25,-3832928075e-18,-402282075e-17,-4177563775e-18,-4303392975e-18,-43904147e-16,-41999805725e-19,-39863835475e-19,-3754713525e-18,-35099806799999996e-25,-32528506475000002e-25,-29887890775e-19,-27191977925e-19,-24458776749999995e-25,-21717676925e-19,-18960907475000005e-25,-16103474999999997e-25,-13336557224999998e-25,-10636587877499999e-25,-8010212425000001e-25,-5466810124999999e-25,-300888835e-18,-6333174775000002e-26,17040909625000002e-26,4017340015e-19,6338562125e-19,80269515e-17,9839649675e-19,11718246775e-19,136538365e-17,15643154e-16,17652919e-16,19690920499999997e-25,217467955e-17,23848698e-16,25972593250000004e-25,26992605500000002e-25,28225877499999996e-25,29617891499999997e-25,3114203675e-18,3279396175e-18,34574567500000004e-25,3645769175e-18,38435522249999995e-25,4051123225000001e-24,42629185e-16,436759415e-17,450596965e-17,467135905e-17,4863388575e-18,50857074999999994e-25,53338807250000004e-25,5607298775000001e-24,59036098249999996e-25,6213365400000001e-24,652862275e-17,67565926e-16,7022499300000001e-24,7315447349999999e-24,762678525e-17,7946310875e-18,825720965e-17,8547514199999999e-24,8799843075e-18,8999374855e-18,9130617849999999e-24
-13742936575e-19,-134469863e-17,-13473509574999999e-25,-1373606189325e-21,-14287011775000002e-25,-151332772e-17,-16261395299999997e-25,-17673143225e-19,-19340325999999998e-25,-21295429999999998e-25,-2348131275e-18,-24055514574999998e-25,-25075830925e-19,-2656729575e-18,-2852334425e-18,-30987502000000008e-25,-33955219749999997e-25,-37399167e-16,-4134892125e-18,-4587214774999999e-24,-50885472500000005e-25,-5238868825e-18,-5495069875000001e-24,-58525169999999994e-25,-63120504250000005e-25,-68602457e-16,-7488840875e-18,-8161698325e-18,-884988645e-17,-9531984e-15,-10165132225e-18,-1073099115e-17,-11366734175e-18,-12025237450000002e-24,-12653996675e-18,-13201208425e-18,-1361662255e-17,-13862837825000001e-24,-13913395625000001e-24,-13764705525e-18,-134283053e-16,-13403946625e-18,-13174025925e-18,-12766990225000002e-24,-12209391775e-18,-11536847175000002e-24,-10793456900000001e-24,-10019364425e-18,-9249674350000001e-24,-8513494925000001e-24,-7830585874999999e-24,-70161178750000005e-25,-6246488824999999e-24,-5529482685e-18,-48678680125000005e-25,-42618153195e-19,-3710510975e-18,-32105095e-16,-27578608199999998e-25,-23485657999999998e-25,-197860495e-17,-15275564174999999e-25,-11091812499999999e-25,-7166499325000001e-25,-34419132125e-20,13044870000000037e-27,35913755375e-20,697129212e-18,103348805e-17,1372478385e-18,17179977999999998e-25,2140092e-15,25759264250000003e-25,30233760499999995e-25,3482249775e-18,3953981875e-18,4435760825e-18,49254626000000005e-25,54177557e-16,5904883749999999e-24,6377878625e-18,6723894024999999e-24,70066223e-16,7212985649999999e-24,7330663805000001e-24,7364908782499999e-24,731158737e-17,71759241395e-19,69643696825e-19,66825662999999984e-25,63438166025e-19,5895585207500001e-24,5425981245e-18,494250275e-17,4450650075e-18,39633978749999995e-25,34814934399999998e-25,30092168800000002e-25,25495724800000002e-25,21021379825e-19,16677909e-16,12567655575000001e-25,8664724250000001e-25,4888857117500001e-25,12144282249999998e-26,-23782205750000003e-26,-5906576425e-19,-9384601250000001e-25,-12834170249999998e-25,-16265847000000002e-25,-19693906e-16,-219035835e-17,-24227020749999998e-25,-2666014125e-18,-2919886225e-18,-31898550249999996e-25,-34733309500000003e-25,-37686278e-16,-40747627e-16,-4392235725e-18,-4716606899999999e-24,-4995220775e-18,-5305877225e-18,-563739455e-17,-5982786000000001e-24,-6335795700000001e-24,-6693290074999999e-24,-7044115774999999e-24,-7373698575e-18,-7669326350000001e-24,-792016285e-17,-8143477925000001e-24,-8322651874999999e-24,-8450542475e-18,-85212922e-16,-85294029525e-19,-8471536475e-18,-835084275e-17,-81669777675e-19,-792775905e-17,-7637805982500001e-24,-7375948624999998e-24,-7072637975e-18,-6736734136e-18,-63804794775e-19,-6011816324999999e-24,-5638901422499999e-24,-5268454175e-18,-490455241e-17,-4552233904e-18,-4212974592249999e-24,-38837635475e-19,-35698934199999995e-25,-32728761325e-19,-29904827875e-19,-2722701515e-18,-2466742095e-18,-22232643625e-19,-199040623e-17,-17677288824999998e-25,-15502079825000002e-25,-133269437e-17,-11268505125e-19,-926951789e-18,-7332696099999999e-25,-5440394774999999e-25,-35850439230000006e-26,-17494319717499998e-26,6918690000000008e-27,18831034e-17,36975436e-17,495217571475e-21,6296271249999999e-25,769745675e-18,9134870424999999e-25,105891452075e-20,1207882045e-18,1362880505e-18,15229581e-16,16894522749999999e-25,18649397000000003e-25,2011712925e-18,21712224750000002e-25,2343464575e-18,2525978475e-18,2721478425e-18,2932820775e-18,3158742425e-18,3399479225e-18,36520995499999997e-25,3912287225000001e-24,41878901e-16,4472660375e-18,47716533e-16,5086207e-15,541345595e-17,5751043524999999e-24,60915978750000005e-25,64252844e-16,6746009925e-18,70361139250000004e-25
-10934943475e-19,-10862011275e-19,-1096136375e-18,-11240049125e-19,-11717197325000002e-25,-123844533e-17,-13244741699999998e-25,-14272311675e-19,-15500346750000001e-25,-16969015750000003e-25,-18683580249999997e-25,-19286696e-16,-20223412000000002e-25,-2150209425e-18,-2317284225e-18,-2525489925e-18,-2777679675e-18,-307845805e-17,-342530395e-17,-38218776250000005e-25,-4271752300000001e-24,-442469785e-17,-4671827700000001e-24,-5000569025000001e-24,-54166712e-16,-5910049425e-18,-64765539249999995e-25,-70900918500000005e-25,-7753407849999998e-24,-8435512649999998e-24,-9117512974999999e-24,-9681361825e-18,-10315731899999998e-24,-10980575325000002e-24,-116291325e-16,-12214165925e-18,-12689796975e-18,-13013822675e-18,-131602646e-16,-13114686550000002e-24,-128778457e-16,-1286937715e-17,-126616038e-16,-12277393e-15,-11741674605000001e-24,-11089062974999999e-24,-1035921305e-17,-9591165375e-18,-8818997925000001e-24,-80699974725e-19,-736401595e-17,-655860277e-17,-57959468974999995e-25,-5080586667499999e-24,-44153888775e-19,-38004469575e-19,-32335363775000004e-25,-27113885350000003e-25,-22297812925e-19,-1784294425e-18,-137044656e-17,-9285998100000001e-25,-5120046042500001e-25,-11452729000000002e-26,26836537000000003e-26,6410233845000001e-25,100704911e-17,1371505525e-18,173900485e-17,21138221500000003e-25,2499103375e-18,29179446e-16,3355314525e-18,3810683099999999e-24,4282992125000001e-24,47708343999999995e-25,52701714e-16,5774297024999999e-24,6273815474999999e-24,675867965e-17,7217258074999999e-24,7545851025e-18,7798855774999999e-24,7967339950000001e-24,80432581575e-19,802655368e-17,7917347535e-18,771899686e-17,74390085249999995e-25,70912901900000005e-25,6685912402500001e-24,622903545e-17,5750883224999999e-24,525662847e-17,475928232e-17,4264450325e-18,37774589025e-19,33021371775e-19,28424038175e-19,23984768425000005e-25,19709723125e-19,15549208049999996e-25,11617900899999998e-25,783856945e-18,41839202499999996e-26,6295324499999998e-26,-2836624e-16,-624129495e-18,-9606717375e-19,-12955058250000001e-25,-16319172249999998e-25,-185115645e-17,-208588595e-17,-23291475e-16,-2585143225e-18,-28547838500000003e-25,-31380688999999998e-25,-3433300875e-18,-3739794275000001e-24,-4056888374999999e-24,-4386280475000001e-24,-4672782075e-18,-49872493499999995e-25,-532151025e-17,-5670455525e-18,-6027168425e-18,-6386339124999999e-24,-673887905e-17,-7074151625e-18,-73777366999999996e-25,-763897e-14,-787654295e-17,-8067272725e-18,-820351727e-17,-827766963e-17,-8292818399999999e-24,-82428137e-16,-81305021e-16,-79560225e-16,-772651112075e-20,-74486983117500005e-25,-7187986711500001e-24,-6885230185e-18,-6554847872499999e-24,-62023961675000006e-25,-5838540249999999e-24,-547003355e-17,-5103871375e-18,-47432422750000006e-25,-43941654849999996e-25,-40571816549999995e-25,-3728094289999999e-24,-34168579275000003e-25,-31204051699999998e-25,-283880921e-17,-25704598925000003e-25,-23144138165e-19,-20701116425e-19,-18354324125e-19,-1609177205e-18,-13875318025000002e-25,-11742389824999998e-25,-96972734e-17,-7693416574999999e-25,-5735203600000001e-25,-38073601500000005e-26,-19052884249999997e-26,-11968574999999931e-28,18711778250000002e-26,37636719249999997e-26,56711477e-17,6903648325000001e-25,8225245750000001e-25,96098975e-17,110383605e-17,125100665e-17,14039834675e-19,15613947e-16,1724749025e-18,1895888025e-18,2075223675e-18,22168653249999998e-25,23755057000000005e-25,25468255e-16,2729688775e-18,2927731925e-18,31412788500000006e-25,33720595250000003e-25,36174712499999995e-25,38770405499999994e-25,4143732025e-18,4414347524999999e-24,46976227e-16,4994349375e-18,5307755450000001e-24,5639071674999999e-24,5977966024999999e-24,6317862225e-18,66543177e-16,6972797575e-18,7262499000000001e-24
8541013324999999e-25,833821085e-18,834744835e-18,8457239800000001e-25,87015574475e-20,90925762825e-20,9660843025e-19,10412331774999999e-25,113560897e-17,124643291e-17,1377532925e-18,1296775845e-18,1243714565e-18,12135215375e-19,12071676275e-19,122584166e-17,12673166925e-19,133198124e-17,14226417249999999e-25,15411680975000002e-25,168857098e-17,15038408225e-19,13577914125e-19,12428479300000002e-25,1154771653e-18,109289945e-17,10553395600000001e-25,104279501625e-20,10568009650000002e-25,109845623425e-20,1163235265e-18,4818833549999999e-25,-16900773e-17,-8039434250000001e-25,-143099675e-17,-20571035999999998e-25,-26807300499999997e-25,-33026500250000004e-25,-39251743500000006e-25,-45528735500000005e-25,-51826214750000005e-25,-54363678500000005e-25,-5582112575e-18,-5633695095e-18,-56009162e-16,-5486575125e-18,-5300087075e-18,-5037027064525e-21,-47105519105e-19,-432772809e-17,-389816775e-17,-31938369525e-19,-2507366833e-18,-18435944825e-19,-12049482375000001e-25,-5886153324999999e-25,6236094999999957e-27,583948916e-18,11465236750000002e-25,17008829e-16,2247018875e-18,26184630250000002e-25,30105153749999994e-25,3419015075e-18,3841831925e-18,427755675e-17,47251280499999996e-25,5184897525e-18,5653184e-15,6125153799999999e-24,659427425e-17,697178905e-17,73942207249999995e-25,785031105e-17,83219114e-16,8792982225e-18,9241050774999999e-24,96424665e-16,9973212825e-18,10209815725000001e-24,1033905235e-17,10577522650000001e-24,10726629624999999e-24,107688239e-16,1069921525e-17,1051948281e-17,10236018742500001e-24,98636191875e-19,9419412892500002e-24,892428071e-17,83965313e-16,7896657405e-18,737341045e-17,6839066527499999e-24,6305414549999999e-24,57829962925e-19,5280267425249999e-24,4802127545e-18,4351837664999999e-24,3932026265e-18,35435891699999996e-25,31041911009999995e-25,26993869175e-19,2322834785e-18,19709875975000006e-25,1640978595e-18,13310402650000002e-25,103776932125e-20,7579511900000001e-25,48809425e-17,22543261500000009e-26,-2908681625e-20,-28276443750000003e-26,-5347927775000001e-25,-7895046925e-19,-10478390249999999e-25,-131342475e-17,-1585449525e-18,-186362565e-17,-215135955e-17,-24458803e-16,-2747563875e-18,-30699248000000004e-25,-34063014e-16,-3755330275e-18,-411161245e-17,-4476007550000001e-24,-48426548249999995e-25,-5208064050000001e-24,-55648038e-16,-5902690775e-18,-618333655e-17,-6415479575000001e-24,-6594820535e-18,-67324350069999994e-25,-6814595050000001e-24,-6846020924999999e-24,-68258483095e-19,-6755638879e-18,-6638045825000001e-24,-64729846499999995e-25,-6231163475000001e-24,-59572151249999995e-25,-56559107249999996e-25,-5330676075e-18,-49946502965e-19,-46493592775e-19,-430226718e-17,-39563159199999994e-25,-361447409e-17,-32791761599999997e-25,-296230147e-17,-2660529255e-18,-23692739825e-19,-208882166e-17,-18182006125e-19,-15568494749999999e-25,-13033214049999997e-25,-10560811975e-19,-81515554e-17,-5770112525e-19,-375420565e-18,-17740552e-17,19954121890250007e-27,2201684975e-19,420107513e-18,6215612325e-19,8267651425000001e-25,1035302065e-18,12461883750000001e-25,1463010525e-18,15772329e-16,17038647250000002e-25,1839465125e-18,1981631075e-18,21320269250000004e-25,229074065e-17,24576814249999998e-25,26333419999999997e-25,28173721499999996e-25,30088556250000006e-25,3136361775e-18,32877632e-16,34575184e-16,36481618e-16,3858424125e-18,40884892999999996e-25,433886485e-17,4602720649999999e-24,487819225e-17,5163271050000001e-24,5408348775e-18,5678816675e-18,59711416e-16,6280859575e-18,6606702675e-18,69370276750000005e-25,7256869400000001e-24,7561279775000002e-24,7833076874999999e-24,8058527774999999e-24
3111102e-15,3119044225e-18,31801206499999998e-25,32932806500000002e-25,3466268625e-18,36934092749999997e-25,396801465e-17,42908857250000006e-25,4663806000000001e-24,5079976025e-18,5537060824999999e-24,5429371824999999e-24,5437393124999999e-24,5552191355e-18,5780972175e-18,61151364e-16,6546883125e-18,7070770475e-18,76661686e-16,8308843749999999e-24,8981731800000001e-24,8750211700000002e-24,871274465e-17,88608242e-16,918362425e-17,9674879574999998e-24,10312015575e-18,11059219550000001e-24,1186858e-14,12685019e-15,134346403e-16,126380045e-16,12073240552500001e-24,117432228e-16,11642563775e-18,11760006925e-18,12074310574999997e-24,125529055e-16,13151188749999998e-24,138145015e-16,14476064499999999e-24,137535059e-16,12946659325000001e-24,1205849225e-17,11134589475e-18,10222964894e-18,9365906075e-18,8591753625e-18,791987675e-17,73556150425e-19,69049930805e-19,74148972250000005e-25,79226057e-16,8391457125e-18,87903786e-16,9100224974999999e-24,93051536e-16,9383958675000001e-24,932893695e-17,9143479645e-18,884126120175e-20,9141216125000002e-24,9507668075000001e-24,9910459625e-18,10325810025e-18,10731223524999999e-24,1109795735e-17,11394506625e-18,11596978400000001e-24,11684690424999998e-24,11650464125000001e-24,11946879774999997e-24,12310846825000003e-24,12701536050000002e-24,13080428800000003e-24,13403994975e-18,13640227774999998e-24,13760898700000002e-24,13747616275000001e-24,13600118225e-18,1332719835e-17,134535518e-16,134930394e-16,13414011074999998e-24,13208929825e-18,12887980325e-18,12469606950000001e-24,11978838675000002e-24,11446509925e-18,10900644150000001e-24,10368491975e-18,98133236e-16,92450574e-16,867508805e-17,8120457225e-18,7593961074999999e-24,7105954999999998e-24,66644129e-16,6274435575e-18,5939201050000001e-24,565961485e-17,51837396135e-19,4759613915e-18,43820599175e-19,404768357525e-20,3754274945e-18,34995770475e-19,32808739050000004e-25,30949433275e-19,2937628795e-18,28044355625000003e-25,25183083150000002e-25,22593634275e-19,20248331125e-19,18108666424999999e-25,16153734249999998e-25,14350585749999998e-25,12664285265e-19,11080799249999997e-25,9562542125e-19,8075134224999999e-25,45474844250000005e-26,9606319999999999e-26,-2627084875e-19,-6219279924999999e-25,-98270321e-17,-13477341750000001e-25,-1717168175e-18,-20897607500000003e-25,-24658986250000003e-25,-28462973000000004e-25,-31831620000000002e-25,-34830987749999997e-25,-37552221e-16,-4000763275e-18,-4216639224999999e-24,-44023789499999995e-25,-45588505e-16,-46752140750000005e-25,-4759489342500001e-24,-48066759575e-19,-4600918147499999e-24,-437343075e-17,-4123853307500001e-24,-3859775777e-18,-35859786499999996e-25,-33013726824999996e-25,-301263124275e-20,-27199581675e-19,-24275036825e-19,-21346654625e-19,-183909862e-17,-15542060100000002e-25,-1279415015e-18,-10135316900000002e-25,-75519614625e-20,-505708655e-18,-2629427425e-19,-26034536749999977e-27,20808469499999997e-26,4410517024999999e-25,61195613575e-20,7925195282500001e-25,97907015e-17,117228309e-17,1370159835e-18,157159175e-17,1774225175e-18,19788892999999998e-25,218744415e-17,24006756750000003e-25,25013595e-16,262318295e-17,27604308499999996e-25,291122425e-17,30746136e-16,3249388725e-18,34358615e-16,363223145e-17,383721565e-17,4048066175e-18,41515789e-16,42856254250000004e-25,4447157375e-18,4636224624999999e-24,484842485e-17,508834815e-17,5353884849999999e-24,5635752325e-18,5935091349999999e-24,62430727e-16,6476081575e-18,67467131e-16,70467680249999994e-25,7360977925000001e-24,7683955125e-18,79991806e-16,8293494699999999e-24,85519935125e-19,8757103934999999e-24,88951198e-16
