-7978457425e-18,-789002268e-17,-7973898e-15,-8207750875000001e-24,-8576351549999999e-24,-906566685e-17,-9652583275e-18,-103047555e-16,-10973767500000002e-24,-1161637425e-17,-1218806905e-17,-12181129775e-18,-12411271975000001e-24,-12842369249999998e-24,-134162195e-16,-14056568449999999e-24,-14674536799999999e-24,-15180205925e-18,-15511294025000002e-24,-15622189875e-18,-15501628000000003e-24,-15607638025e-18,-15987578874999998e-24,-16578353825000004e-24,-1727076525e-17,-179349885e-16,-18445053749999997e-24,-18708851e-15,-18670888750000002e-24,-18326772475e-18,-177262018e-16,-181573625e-16,-1869078975e-17,-19192580500000002e-24,-1954200775e-17,-1964975725e-17,-1948760875e-17,-19064433999999997e-24,-1843839875e-17,-17679015000000004e-24,-168850725e-16,-16696607500000003e-24,-1630272375e-17,-157366335e-16,-150491905e-16,-14300093325e-18,-13547890725e-18,-12842445225000002e-24,-122224666e-16,-11713911549999999e-24,-11330355025e-18,-10493067550000001e-24,-9747343949999999e-24,-9107330775000001e-24,-858332205e-17,-8180370324999999e-24,-790003775e-17,-7740031825e-18,-7696570425e-18,-7763868025e-18,-793406265e-17,-74331488000000006e-25,-7047349024999999e-24,-6770916775e-18,-6596274675e-18,-6519395199999999e-24,-6531900324999999e-24,-6627896825e-18,-6798292075000001e-24,-7035898599999999e-24,-73271169750000005e-25,-673935250725e-20,-623249899725e-20,-58003001400000005e-25,-54408168700000006e-25,-51481372975e-19,-491890078e-17,-4750898145e-18,-4638789465e-18,-45771115925e-19,-45676073775e-19,-4020079735000001e-24,-3463168175e-18,-28925955899999997e-25,-23143099224999996e-25,-172930815e-17,-1143650195e-18,-559714175e-18,19744113275000047e-27,5937202075e-19,116307235e-17,8705020499999999e-25,5763953024999999e-25,2945413375e-19,26610243075e-21,-22878572775000002e-26,-470405125e-18,-7017117e-16,-9211072000000001e-25,-1128707175e-18,-13252488499999998e-25,-16102475249999997e-25,-19088424e-16,-2209517225e-18,-2511055475e-18,-2812496675e-18,-31127808999999995e-25,-34091181749999993e-25,-37043358e-16,-3996243e-15,-4287215425e-18,-4488123650000001e-24,-471771085e-17,-49650022750000004e-25,-5232385124999999e-24,-55135818e-16,-5806193175e-18,-61049926e-16,-6409475025e-18,-67089031500000004e-25,-6995639825000001e-24,-728347885e-17,-76088682e-16,-795630635e-17,-8311839375e-18,-8661329549999999e-24,-8989594124999998e-24,-9278105075000002e-24,-951087885e-17,-9671254849999999e-24,-9748781175e-18,-99293273e-16,-10050720275e-18,-10107292325e-18,-10089791925e-18,-9998522725000001e-24,-9833002325e-18,-96015031e-16,-9311456075e-18,-8975800324999998e-24,-8608442750000001e-24,-8301313875e-18,-7960825425e-18,-7596775299999998e-24,-7221011375e-18,-6842627275e-18,-6468777275e-18,-6105904375000001e-24,-575940705e-17,-54322646e-16,-512796113e-17,-47959958199999996e-25,-4486635075e-18,-42006636124999995e-25,-3936475257499999e-24,-369404286e-17,-34717489425000003e-25,-32689288225000003e-25,-3083468132e-18,-29146727817500005e-25,-27611228972499998e-25,-2553325635e-18,-23643734775000004e-25,-2191789985e-18,-20338703425e-19,-18896769825e-19,-17576594025e-19,-16376067775e-19,-15277645169999997e-25,-14266418397500002e-25,-13336352425e-19,-11537304525e-19,-98742471e-17,-8301354277500001e-25,-6809038924999999e-25,-53826883425e-20,-4005037225000001e-25,-267121305e-18,-139300044775e-21,-15436059999999994e-27,10512868675000002e-26,29891295500000004e-26,4940127925e-19,6882282405000001e-25,880662195e-18,10739555e-16,127051055e-17,14705267499999999e-25,16762529999999998e-25,1889721125e-18,21126657750000002e-25,2461403375e-18,28080870500000007e-25,315932795e-17,3515169075e-18,3875795675e-18,42396005499999995e-25,4604733650000001e-24,4964958775e-18,5311905725e-18,563629535e-17
-751263435e-17,-74425636249999995e-25,-7527632025e-18,-7749386574999999e-24,-8102381775e-18,-8576248975e-18,-9148697374999999e-24,-9792832999999998e-24,-10465961675e-18,-11125094675000002e-24,-11723768550000001e-24,-11732299850000001e-24,-11966433099999999e-24,-12395492100000001e-24,-12971563e-15,-13620693899999998e-24,-14259961050000002e-24,-14803405625000001e-24,-151890411e-16,-15360874625000003e-24,-15304990849999998e-24,-15433701549999998e-24,-158202402e-16,-16410048e-15,-1709756175e-17,-1775271175e-17,-18255550500000002e-24,-18517309e-15,-18484602000000002e-24,-18159858249999997e-24,-17582867350000003e-24,-18023343e-15,-185594e-13,-190640915e-16,-1941829125e-17,-19537543499999998e-24,-1938413475e-17,-18968009999999998e-24,-18353243249999998e-24,-176088445e-16,-16824460750000003e-24,-1663903525e-17,-1624522025e-17,-15676826499999998e-24,-149880745e-16,-14237670425e-18,-1348323425e-17,-12775943875e-18,-12153333924999999e-24,-11641832925e-18,-1125664475e-17,-10420555175e-18,-96708413e-16,-9026736825000001e-24,-8497806375000002e-24,-8089256075e-18,-7801599675000002e-24,-763355575e-17,-758109025e-17,-76390942e-16,-779978635e-17,-729825125e-17,-69108569749999985e-25,-6630140800000001e-24,-6450281875e-18,-63662705749999995e-25,-6370390424999999e-24,-645615395e-17,-661715565e-17,-6843982125e-18,-71274995499999995e-25,-6539523905000001e-24,-603075329075e-20,-5596319995e-18,-52305241999999995e-25,-49297990675e-19,-46889622240000005e-25,-4503348544999999e-24,-43731062425e-19,-42937501799999995e-25,-42614099799999996e-25,-37229807249999997e-25,-317398664675e-20,-261077797e-17,-20399066999999996e-25,-1462119125e-18,-8840036250000001e-25,-31054116249999995e-26,2559987825e-19,8221308975e-19,13798616000000001e-25,10827538900000002e-25,7797616924999998e-25,4887190324999999e-25,21011972000000001e-26,-5559886000000002e-26,-3099216e-16,-55344114e-17,-7854821940000001e-25,-10069672925e-19,-121719725e-17,-150953664e-17,-1811647925e-18,-21161984250000005e-25,-242033935e-17,-272358965e-17,-302436485e-17,-332210005e-17,-36191282500000004e-25,-39143879749999995e-25,-42093442499999996e-25,-4411923424999999e-24,-46444659e-16,-4894667899999999e-24,-5163433975e-18,-544842005e-17,-574323925e-17,-604531745e-17,-6349090525e-18,-6648508074999999e-24,-6937134525e-18,-7231481125e-18,-755813575e-17,-7906598825e-18,-8261371174999999e-24,-8610339175e-18,-8937686849999999e-24,-9226959600000001e-24,-9460057924999999e-24,-9623410375e-18,-970269025e-17,-98851256e-16,-1001167605e-17,-10066170224999999e-24,-10048377475e-18,-995758145e-17,-9792184e-15,-9562138049999998e-24,-9274946800000002e-24,-8940440575000002e-24,-857414535e-17,-82704562e-16,-79294127e-16,-756657525e-17,-7191255375e-18,-68124235999999994e-25,-64381216e-16,-6073991925e-18,-57258611249999994e-25,-53973731375e-19,-50910208925e-19,-4758944255e-18,-4448611582500001e-24,-4162065225e-18,-3896935632499999e-24,-36537288745000003e-25,-34302840593250005e-25,-322597153e-17,-30393280650000005e-25,-28693997305e-19,-27145110925e-19,-25090351225e-19,-2321448915e-18,-2149876125e-18,-1992984445e-18,-18494644874999997e-25,-17172013099999999e-25,-159623041e-17,-14853397275e-19,-13831367200000001e-25,-12886526420000002e-25,-110978148675e-20,-9437169625e-19,-786220595e-18,-6357689574999999e-25,-4916682825000001e-25,-351970465e-18,-21586224249999998e-26,-8423354500000001e-26,44779643250000005e-27,17192342499999997e-26,3677821025e-19,5643251649999999e-25,7624731609999999e-25,9582237750000002e-25,115473155e-17,13534955250000002e-25,15565176249999998e-25,176455115e-17,19773798e-16,22022235749999998e-25,25435761e-16,2885461925e-18,32326547e-16,35848912999999996e-25,3942501400000001e-24,4305456225e-18,46711422749999995e-25,50329396e-16,53783331500000006e-25,57051407749999994e-25
1391774415e-18,13541739215e-19,13490196302500002e-25,1369249525e-18,14183252015e-19,14962405175e-19,160258408e-17,173077052e-17,18886601449999997e-25,20702109649999997e-25,2280373825e-18,21975543324999997e-25,2164297785e-18,2169810225e-18,22186913250000003e-25,23105852999999997e-25,244598505e-17,26243634749999997e-25,28439624e-16,31122347e-16,343065425e-17,316793935e-17,297781175e-17,28493851749999995e-25,2785477675e-18,277881415e-17,2831254025e-18,29405882250000003e-25,3104718225e-18,332004905e-17,35903629999999997e-25,279918489675e-20,206616082e-17,13729798125e-19,7094111575e-19,6663033750000001e-26,-5588221150000001e-25,-1177108575e-18,-178886825e-17,-23962521249999997e-25,-29958022000000002e-25,-32712241000000003e-25,-34459474249999997e-25,-35535203749999997e-25,-3607308875e-18,-36140982575e-19,-35790668025e-19,-3504629474999999e-24,-33956006150000005e-25,-32530973700000003e-25,-30810102770000003e-25,-24117128325e-19,-17605171125e-19,-11360165475000002e-25,-5382268275000001e-25,35980707500000025e-27,5886631175e-19,11237438575e-19,16443375500000002e-25,215190705e-17,2650778625e-18,3003806275e-18,33832786250000003e-25,3784182775e-18,42056158000000005e-25,4646279474999999e-24,51043015249999995e-25,5577603425e-18,6059376699999999e-24,6544052950000001e-24,70226733999999995e-25,7445364075e-18,7903629624999999e-24,8380648800000001e-24,88579284e-16,9313879249999999e-24,9726388025e-18,10069733174999999e-24,10325129e-15,10469674199999999e-24,104950986e-16,10722382049999999e-24,10839631275000001e-24,108410123e-16,10726154564999999e-24,10499253475e-18,10169577675e-18,975619464e-17,92791197525e-19,87576583775e-19,82145056225e-19,7706643300000001e-24,7176833125e-18,6645157950000002e-24,611902673e-17,560745238225e-20,51171208025000004e-25,46527741230000004e-25,42170237025e-19,3811732169999999e-24,34373715175e-19,3028853705e-18,26547956675e-19,230947965475e-20,198875106425e-20,16906692875e-19,1412245715e-18,11500093050000002e-25,9008524375e-19,6619251925e-19,43121410750000005e-26,1505511325e-19,-12092965250000002e-26,-39030933550000003e-26,-6588119282e-19,-9303433000000001e-25,-1206032175e-18,-14877615000000001e-25,-17773096250000002e-25,-2075053975e-18,-23844662e-16,-273375145e-17,-309311675e-17,-34605302750000003e-25,-3835462774999999e-24,-421802635e-17,-4600665875e-18,-498351635e-17,-535625545e-17,-5712353775e-18,-6047010474999999e-24,-6323294925e-18,-654993437e-17,-67153938225e-19,-682583258e-17,-6882047124999999e-24,-68839044899999985e-25,-6831062945e-18,-67254181e-16,-65734000599999995e-25,-6378975375e-18,-6124881252499999e-24,-58392065e-16,-55327350175e-19,-52091947e-16,-4876312475e-18,-45384975475e-19,-4201967145e-18,-386826332575e-20,-3540164485e-18,-32204623325e-19,-29191568019999998e-25,-26326439575e-19,-23573254775000003e-25,-20931122275000003e-25,-183907618225e-20,-15944608325e-19,-13574637775e-19,-11277530989999998e-25,-9042554925e-19,-6857366025e-19,-50713825e-17,-33439507e-17,-16245594500000003e-26,9685645299999969e-27,1825955225e-19,35601254500000006e-26,529654446875e-21,7059998e-16,8852902049999999e-25,106874445e-17,12142637999999999e-25,1366777275e-18,15231388250000002e-25,16854409249999998e-25,18554174000000002e-25,20336129249999997e-25,2221579575e-18,24166757750000003e-25,2616983925e-18,28272345e-16,29944026249999995e-25,31817301e-16,3386308875e-18,36063651000000003e-25,3845804575e-18,41032506250000005e-25,43742047749999995e-25,46606015e-16,49521303e-16,5249574799999999e-24,5539428300000001e-24,58454407499999994e-25,61672247499999996e-25,6503212849999999e-24,6847087075e-18,71884209e-16,75164386e-16,7811327375e-18,80631769e-16,8260990475e-18
7581620775e-18,7470073279999999e-24,7523596550000001e-24,771826685e-17,8044955349999998e-24,849188845e-17,9033457275e-18,9643179275000001e-24,10293073250000001e-24,10939582249999999e-24,11535162475e-18,11382993875e-18,114755649e-16,1178149035e-17,12266007625e-18,12873117e-15,1353356675e-17,14164572675e-18,14691591875000002e-24,150485351e-16,15194263325e-18,1483644845e-17,14824234100000001e-24,15108451999999997e-24,156307595e-16,1630641725e-17,1702441525e-17,1766279425e-17,18109748249999998e-24,182831975e-16,18138238925e-18,17143848499999998e-24,16496238025e-18,16184477799999998e-24,161943185e-16,16491935e-15,170081415e-16,1765206075e-17,1831067575e-17,18860037e-15,1919061e-14,1837574325e-17,17433484124999997e-24,164162172e-16,15408509125000002e-24,14497181274999999e-24,13745867050000001e-24,13196829874999997e-24,12864910674999997e-24,12751847424999999e-24,1283970925e-17,13265110475e-18,13680419224999999e-24,1399796045e-17,14158180125e-18,1412395725e-17,13885424199999998e-24,13459557250000001e-24,12890028399999999e-24,1222735189e-17,11525162439999999e-24,1179996525e-17,12169095375000002e-24,12578020924999999e-24,12989370475000003e-24,13354848249999998e-24,13631404025e-18,13785434825e-18,13795974650000001e-24,13658376650000002e-24,13385528550000001e-24,1371093185e-17,14090788224999998e-24,14470855425e-18,14801521575e-18,15037061199999997e-24,15143984275e-18,15105179525e-18,14919954075000002e-24,14605664075000002e-24,141919449e-16,143035845e-16,14298504425e-18,14159942774999999e-24,13887460650000001e-24,13497566575000002e-24,13016335449999999e-24,124761047e-16,11911559824999998e-24,11354026925e-18,10830457925e-18,10257236175e-18,9668646599999999e-24,9093403675e-18,8544299925e-18,8034992625e-18,7575370399999999e-24,7172689275e-18,6831818000000001e-24,655470825e-17,6342464175e-18,5890547125e-18,549718867e-17,51596575175e-19,48738686825000005e-25,46384977275000005e-25,4450881712499999e-24,43090958875e-19,4209965735e-18,41518028725e-19,412930829e-17,3803912145e-18,35263663900000008e-25,32881979487500007e-25,308724551575e-20,291805345125e-20,27772096274999996e-25,266009112675e-20,2558617010475e-21,24723712875e-19,23947913954725e-22,197869647e-17,15730421450000001e-25,117997544925e-20,8003204624999998e-25,4335676774999999e-25,7508200249999999e-26,-27489503749999997e-26,-62499248e-17,-9756623075000001e-25,-132794195e-17,-16999132250000002e-25,-20401515749999995e-25,-2365780075e-18,-26688611999999998e-25,-2950595075e-18,-32080814749999996e-25,-34419319249999997e-25,-36500514000000003e-25,-38301821e-16,-3977181875e-18,-3801125789999999e-24,-35949527861e-19,-33718166799999997e-25,-31373651275000004e-25,-289428871e-17,-26476474375e-19,-239894533e-17,-21492227572499996e-25,-189850365e-17,-16480085000000003e-25,-13831194500000001e-25,-112404497e-17,-8740110600000001e-25,-6309744975e-19,-3944692825e-19,-168277825e-18,51813362499999986e-27,2678576875e-19,48135646e-17,6946834525e-19,8310256174999999e-25,97973745e-17,11346321750000001e-25,129363755e-17,14567450999999998e-25,16235653275000001e-25,17935614449999999e-25,19664353024999998e-25,21426743249999997e-25,23237301250000002e-25,2447387375e-18,258782385e-17,27420355e-16,2910261775e-18,3090207325e-18,3280691125e-18,34833023749999997e-25,36951132e-16,3915888875e-18,413735975e-17,427962535e-17,4453091875e-18,46523562499999995e-25,4873490575e-18,5121012725e-18,5389152699999999e-24,56779756e-16,5983300175e-18,62911494999999996e-25,6596880525e-18,6868614174999999e-24,71663391250000004e-25,7482488625e-18,7814004325e-18,8142852275e-18,8459652874999999e-24,8746921375000001e-24,8988110424999998e-24,9166798975e-18,92768194e-16
15973838500000001e-25,159681985e-17,16178011500000003e-25,16642641e-16,1738893875e-18,1841129045e-18,19718344499999996e-25,21327078e-16,2324278075e-18,25473746250000003e-25,280599115e-17,27272164e-16,27029205999999998e-25,2729382875e-18,28128263499999998e-25,2949643425e-18,31420410000000004e-25,33895263e-16,369476035e-17,4052442300000001e-24,4465007750000001e-24,42084699000000004e-25,40389019249999996e-25,395141485e-17,3947646625e-18,4029025775e-18,4190742675e-18,442959705e-17,4748029225e-18,5141317375e-18,56073461e-16,48173832125e-19,4113256955e-18,34784147749999996e-25,29010894e-16,2376550575e-18,18956373925e-19,14520455925000001e-25,103918995e-17,65278392e-17,2907386575e-19,-606546275e-19,-38206913749999994e-26,-70123188e-17,-10147051449999999e-25,-13206909249999998e-25,-16131432750000003e-25,-1890305675e-18,-21469852e-16,-23825853250000003e-25,-25922774249999997e-25,-1976729245e-18,-13622644800000001e-25,-7647194875e-19,-18783248850000002e-26,3687832675e-19,9062060049999999e-25,14256530499999999e-25,192854755e-17,24171951750000004e-25,2892436025e-18,32418418e-16,36147646250000003e-25,4007841725e-18,4420225825e-18,4849954025e-18,52948491499999995e-25,57486005249999995e-25,620904485e-17,6665540275e-18,7110249975000001e-24,7534312175000001e-24,799125985e-17,84627457e-16,8931306075e-18,93765434e-16,97758814e-16,10105751675000001e-24,10344992774999998e-24,10478148399999999e-24,104935317e-16,10720065575e-18,1083964645e-17,10840376025000001e-24,10722753799999999e-24,10491297175000001e-24,10158922825e-18,9741797250000001e-24,926266883e-17,8740109725e-18,8195981875e-18,7688815075e-18,7159890725000001e-24,66257534975e-19,60976005225e-19,55848294142499995e-25,50928136325e-19,4626133065e-18,41887370200000005e-25,3781510845e-18,3404651595e-18,299821763925e-20,26249925625e-19,22800326249999996e-25,19599263199999996e-25,166213899e-17,13840061175000002e-25,11215706949999998e-25,872499357e-18,6333035344749999e-25,4009261675e-19,12322572675e-20,-1463909825e-19,-4148989625e-19,-6831335520000001e-25,-95378915e-17,-12280540000000002e-25,-15083950749999998e-25,-17949847500000002e-25,-20900020249999994e-25,-239569285e-17,-2743558925e-18,-3101984075e-18,-3468667e-15,-384101125e-17,-4220983575e-18,-4600777275e-18,-49793841e-16,-5346939025e-18,-57004663e-16,-6030506975e-18,-6304931724999999e-24,-6527697799999999e-24,-6699056835000001e-24,-68124653999999995e-25,-6866350599999999e-24,-6864822855000001e-24,-6814042639999999e-24,-670964185e-17,-65563087375e-19,-63580546e-16,-6101279795e-18,-5816505802499999e-24,-55094953919999995e-25,-518643485e-17,-48529381125e-19,-4515543524999999e-24,-41781053375000005e-25,-3844379615e-18,-35163279275e-19,-31961499025e-19,-28949949325000004e-25,-26082155100000004e-25,-233291397e-17,-20690323689999997e-25,-18155129124999998e-25,-15718926105e-19,-13366492225000001e-25,-11085313386635e-22,-8860237925e-19,-6683164999999999e-25,-4915209090000001e-25,-31618787425000006e-26,-14471775299999998e-26,27815337999999998e-27,20135518750000006e-26,3746240025e-19,548617429e-18,7244417422500001e-25,9037279499999998e-25,10865006e-16,1230268125e-18,13772881250000001e-25,15300702250000001e-25,16869342e-16,18509718499999996e-25,202293135e-17,22037432e-16,23911653500000003e-25,25863325e-16,27894697500000002e-25,29549144000000002e-25,31385123500000005e-25,3339285425e-18,35555151250000002e-25,3789920500000001e-24,40421039249999995e-25,431083325e-17,4591023775e-18,4883520075e-18,5175648124999999e-24,5469701825e-18,57785325249999995e-25,6103980075e-18,644434005e-17,6792193874999999e-24,713588085e-17,7464634525e-18,77656232e-16,8024209650000001e-24,82289619e-16
1558747754225e-21,1540829175e-18,15556534275e-19,16004976099999997e-25,16765922025e-19,17839125550000002e-25,1922016545e-18,20906314e-16,2286331075e-18,25147879e-16,27771104750000003e-25,27057242e-16,268790255e-17,27231841499999998e-25,2813496575e-18,29563440499999998e-25,3149445925e-18,3395299125e-18,3692988875e-18,4041226650000001e-24,44479515749999986e-25,4184529575e-18,40157247750000006e-25,3928786574999999e-24,3927034775e-18,40078511249999995e-25,416850215e-17,4408621050000001e-24,4728453825e-18,51225499999999994e-25,5582413625e-18,4794155355e-18,40900689e-16,34560670250000003e-25,28778975475000003e-25,235065814e-17,18668472275000003e-25,1419617735e-18,10028494e-16,61172801e-17,23891061749999996e-26,-11807588250000003e-26,-4458421875000001e-25,-7640959242499999e-25,-1079395625e-18,-1383711875e-18,-16752640750000001e-25,-19497900749999998e-25,-22047666750000002e-25,-2436548375e-18,-264085795e-17,-20265072595e-19,-1412006925e-18,-8152539674999999e-25,-2385477825e-19,3172555875e-19,8532351749999998e-25,13712433999999998e-25,18731424500000004e-25,236125465e-17,2834749475e-18,31860492500000004e-25,3560134575e-18,3954107975e-18,4366183725e-18,47948462e-16,5237303425e-18,5690070925000001e-24,6148550550000001e-24,66050158e-16,7049889175000001e-24,7478321824999998e-24,7936179700000002e-24,840999515e-17,887948015e-17,9326330575000001e-24,9728160475e-18,10063273525000002e-24,1030665235e-17,104446779e-16,1046523205e-17,10688159175e-18,10805401124999999e-24,10809115625e-18,10695551225e-18,10468207689999998e-24,101396928285e-19,97268873825e-19,9250385895e-18,87312171325e-19,81871449525e-19,76753935175e-19,7145516975000001e-24,6611130685e-18,60824367075e-19,5568526834999999e-24,50754498174999995e-25,46085792277499996e-25,4170498042499999e-24,37626233025e-19,338536699e-17,29797041199999997e-25,260734424e-17,226354323e-17,19445769685e-19,16475529499999999e-25,13699765275000002e-25,11089912682500001e-25,8610733075000001e-25,6233457400000001e-25,39107894725000004e-26,11585245e-17,-153460675e-18,-42021874650000003e-26,-6876290645e-19,-958520775e-18,-123339545e-17,-15128232e-16,-18001436749999999e-25,-209503015e-17,-239958445e-17,-27472191999999997e-25,-31066642249999994e-25,-3474732875e-18,-38505121250000004e-25,-42308796e-16,-46132621000000005e-25,-4992382900000001e-24,-536202945e-17,-571693625e-17,-60466301000000015e-25,-631623055e-17,-65379838e-16,-67076312999999995e-25,-68197224650000015e-25,-687458725e-17,-6874531909999998e-24,-68171174250000006e-25,-6709074725e-18,-6553327624999999e-24,-6350086155000001e-24,-6097543752500001e-24,-5816010052e-18,-55089676075e-19,-518770673e-17,-48552830475e-19,-4518483715e-18,-41812400725e-19,-38477957275e-19,-35204431322499995e-25,-320088636e-17,-29006892250000004e-25,-261493130425e-20,-23414233899999996e-25,-20781702862499998e-25,-18262325375e-19,-15842644800000002e-25,-13516310875000004e-25,-1127198745e-18,-909492715e-18,-6948787575000001e-25,-5170640675e-19,-34410435250000003e-26,-17248178500000002e-26,-8620109999999861e-28,1722363575e-19,34577923749999993e-26,519823723475e-21,6954422775e-19,8737867499999999e-25,105539818e-17,11965712000000001e-25,13434223250000002e-25,149423e-14,1652019125e-18,1816405025e-18,19858919e-16,2166663925e-18,235237415e-17,25468347500000003e-25,274869635e-17,29117623750000002e-25,30969866250000002e-25,3297890825e-18,3514793125e-18,374985305e-17,3999845850000001e-24,426577415e-17,4540922225e-18,48262041e-16,51192830499999994e-25,54067507249999996e-25,5711742450000001e-24,6034821200000001e-24,6372277775000001e-24,67186451e-16,70644896e-16,7394661075000001e-24,7696829225e-18,79605333e-16,8169991525e-18
450785792725e-20,4419698585e-18,4434291362325e-21,4535966525e-18,47232677e-16,4992215e-15,5341621624999999e-24,5768969625000001e-24,6265318325e-18,6816537875e-18,74156836250000005e-25,73025962500000004e-25,73374986749999995e-25,7515356125e-18,7832991399999999e-24,8281186475e-18,8843545225e-18,9493145600000001e-24,10196137225e-18,10903738274999998e-24,11579733925e-18,11266820725e-18,11204789425000001e-24,11382323375e-18,117747314e-16,12348972125e-18,1304928975e-17,13804970250000003e-24,14532241000000001e-24,1515593075e-17,155926625e-16,1465519715e-17,1401938265e-17,13654855075e-18,13555666950000001e-24,1370380965e-17,14068918000000002e-24,14604371749999998e-24,15238166999999998e-24,1589157025e-17,16477729e-15,157386974e-16,14894591124999998e-24,13956392385e-18,12983607750000002e-24,1204546221e-17,111960798175e-19,10470844845000002e-24,98941473325e-19,9474264125e-18,92109642275e-19,970010725e-17,10192550700000001e-24,10625219775000001e-24,10963378050000001e-24,11172745374999998e-24,11230422875e-18,111266704e-16,10868674275000001e-24,10472551439999999e-24,996848657e-17,10253664300000001e-24,1062128125e-17,11029705674999999e-24,1144970235e-17,11847483299999999e-24,12191577375000001e-24,12447600000000002e-24,125925516e-16,12608715900000001e-24,12495320650000001e-24,12839611625e-18,13234111299999999e-24,13632016700000001e-24,13988422850000003e-24,14259075475e-18,14410191325e-18,14417871199999999e-24,1427728865e-17,14000487074999999e-24,13608925925000001e-24,13739517999999998e-24,13752940049999999e-24,13636655300000001e-24,13388098750000001e-24,13021407825e-18,12560281975e-18,12035237450000002e-24,11478864549999999e-24,10919029074999999e-24,103827863e-16,9814711525e-18,9234788625e-18,8665073999999999e-24,81172637e-16,760452375e-17,7134851975e-18,6716102775000001e-24,6352482424999999e-24,6046726075e-18,5799087725000001e-24,53533950800000006e-25,4962288565e-18,4621066377500001e-24,4327095225e-18,40772651975000005e-25,38687871472500006e-25,36982939817500003e-25,35647772700000002e-25,34632729170000003e-25,339320736e-17,3073869095e-18,27967253724999995e-25,25509882899999997e-25,23348489604999996e-25,21446984950000003e-25,19759072149999997e-25,1825464455e-18,16868832975000005e-25,15588189774999998e-25,143475237325e-20,10260703399999998e-25,6258311750000002e-25,22569337000000004e-26,-169095505e-18,-560647549e-18,-9486826807500001e-25,-13384634499999998e-25,-1730757e-15,-21260361750000003e-25,-25244992e-16,-287339895e-17,-31812914249999995e-25,-34609459e-16,-37183446999999996e-25,-3944201625000001e-24,-41337655500000005e-25,-4291127925e-18,-4410926425000001e-24,-44917253875000006e-25,-45379684475e-19,-4321657995e-18,-40883750225e-19,-38386860500000005e-25,-3579884425e-18,-33115824125e-19,-30383359600000003e-25,-27634760125000002e-25,-24873157099999998e-25,-22116755177500003e-25,-19371266200000006e-25,-1662093135e-18,-13959694175e-19,-11405548282500001e-25,-8900720025e-19,-6476034775e-19,-41310046499999995e-26,-18409215e-17,40111467499999995e-27,2633715625000001e-25,4879808054999999e-25,636151995e-18,7945627725000001e-25,9591722574999999e-25,11273211e-16,13006452500000002e-25,14774451500000002e-25,165700205e-17,1838764225e-18,20243794500000002e-25,22132224999999995e-25,23401769e-16,24799852249999995e-25,2631431875e-18,27942675749999998e-25,29673249500000004e-25,31516631750000004e-25,33463161749999997e-25,35510371999999993e-25,3765515875e-18,3984809325e-18,4130525875e-18,43024423e-16,44988689249999994e-25,4719678275e-18,49627999499999994e-25,522950135e-17,551516585e-17,58198894500000005e-25,6125821125e-18,6432051274999999e-24,6703593125000001e-24,7003424625e-18,7321340275e-18,7654829275000001e-24,798726385e-17,8305673624999999e-24,8596380125e-18,8837732325e-18,9020682425e-18,9132231975e-18
-3448476692499999e-24,-33726885647500004e-25,-33828595925e-19,-34616364999999998e-25,-360596295e-17,-381478135e-17,-40903019e-16,-4431047049999999e-24,-483630465e-17,-530567335e-17,-58319307749999996e-25,-58767307e-16,-6033686074999999e-24,-63017416e-16,-66778206250000014e-25,-71572823749999994e-25,-7722077699999998e-24,-8350738325000001e-24,-90097978e-16,-9662443575000001e-24,-10270618975e-18,-10456850350000002e-24,-1083131085e-17,-11371574925e-18,-12038461325e-18,-1277604005e-17,-13510117799999998e-24,-14164473475000002e-24,-14667294375e-18,-14963477800000003e-24,-15023492325e-18,-155704841e-16,-16154029675e-18,-1671394225e-17,-1714507075e-17,-17378737499999997e-24,-17373543e-15,-17125036624999997e-24,-1665723375e-17,-16023964300000002e-24,-15292284925e-18,-1514841375e-17,-14802234500000001e-24,-14287510000000001e-24,-13642846750000002e-24,-12916745699999999e-24,-12158327125e-18,-11412483924999999e-24,-10714960874999999e-24,-100929315e-16,-9564805175e-18,-8733307499999998e-24,-7973875074999999e-24,-72954147249999996e-25,-67026651e-16,-6198133425e-18,-5781970525e-18,-54527137749999994e-25,-5207634225e-18,-504393205e-17,-49583990999999995e-25,-44773662e-16,-4072971125000001e-24,-37349054188e-19,-34567981849999996e-25,-32324737775e-19,-3057543775e-18,-2930158755e-18,-28465053274999996e-25,-28041138650000003e-25,-2802459585e-18,-22584642e-16,-175542178e-17,-12845175125e-19,-839136625e-18,-41126670750000003e-26,5793966750000006e-27,4177982525e-19,8312679975e-19,12523063999999999e-25,1685613225e-18,2110268975e-18,25133514e-16,28958933e-16,3249785075e-18,35657446500000004e-25,3842448924999999e-24,406957445e-17,4248508725e-18,43767071e-16,4456498935e-18,40636953425e-19,36507623250000002e-25,32321188374999996e-25,28113838000000002e-25,23927893e-16,19784940525e-19,15696867925e-19,116796516e-17,7732044975e-19,385189725e-18,2628037500000001e-26,-32772694799999993e-26,-6725482999999999e-25,-10134573000000001e-25,-1351120025e-18,-16846992999999996e-25,-20158743e-16,-2347313075e-18,-2676945475e-18,-30076359749999997e-25,-3228791475e-18,-34682415250000005e-25,-3725022574999999e-24,-39983989999999994e-25,-428687095e-17,-45860273750000005e-25,-4896629975e-18,-5213191975e-18,-55334386249999994e-25,-5853193225e-18,-6162600525000001e-24,-6499835924999999e-24,-68500587e-16,-7207650874999998e-24,-7563569025000001e-24,-7907449124999999e-24,-82245406e-16,-850306095e-17,-8726381075e-18,-8880603700000001e-24,-9079686475e-18,-922596355e-17,-9311323375e-18,-93276488e-16,-9275302775e-18,-9152032650000001e-24,-89610089075e-19,-8709108505000001e-24,-840822e-14,-8068607075e-18,-7779170150000002e-24,-7451023675e-18,-7101192149999999e-24,-6735632324999999e-24,-63641254625000004e-25,-5994220645000001e-24,-56312647849999996e-25,-52804027975e-19,-494541455275e-20,-4628307926075e-21,-4305480175000001e-24,-4001607474000001e-24,-37174910600000003e-25,-34526629369999998e-25,-320629192e-17,-2976423765e-18,-27619415365e-19,-256223741925e-20,-23751384325e-19,-2199370165e-18,-1998018175e-18,-18121946125000002e-25,-163781472e-17,-147422284225e-20,-13196749825e-19,-1173210915e-18,-103399613e-17,-900530405e-18,-7717729350000001e-25,-64638467e-17,-471375775e-18,-3042962550000001e-25,-13998932750000005e-26,21987382000000014e-27,18216167575000002e-26,342441687e-18,502628445e-18,6619164925000001e-25,8234110649750001e-25,986350085e-18,11687416000000001e-25,13570065e-16,15491831e-16,1743175375e-18,19406429499999997e-25,214632415e-17,236201065e-17,25893458000000003e-25,28303368249999994e-25,30859948000000003e-25,34172594999999997e-25,37508031250000005e-25,408980035e-17,443663865e-17,4795609325e-18,5154855975e-18,5509511100000001e-24,585583195e-17,6187228825e-18,649073295e-17
-619789985e-17,-6172078175e-18,-62671119750000005e-25,-64734631e-16,-679119905e-17,-72093607e-16,-771292595e-17,-8280582325e-18,-8884876825e-18,-9496354775e-18,-10082621224999999e-24,-10104699350000003e-24,-10323134275e-18,-107212791e-16,-11270398750000002e-24,-119352265e-16,-12654212900000002e-24,-13356872225e-18,-13971352049999999e-24,-144330575e-16,-1469076715e-17,-14838901549999999e-24,-15232619675000002e-24,-1581485425e-17,-1647547575e-17,-170940145e-16,-175571535e-16,-17785961749999998e-24,-17744200900000003e-24,-17429183224999998e-24,-16883601375e-18,-1735327175e-17,-1790284975e-17,-18432668000000004e-24,-18829572e-15,-19006750250000003e-24,-1892009725e-17,-18572032249999997e-24,-1800184725e-17,-1728208425e-17,-164909835e-16,-1630870125e-17,-15919245249999998e-24,-1536167575e-17,-14682252249999997e-24,-13938235225e-18,-13185612675e-18,-12471778049999999e-24,-11835394249999999e-24,-11302577975000001e-24,-10889957375000001e-24,-1005210355e-17,-92960405e-16,-864009635e-17,-8092257775e-18,-7657417500000001e-24,-7336289900000001e-24,-71276011e-16,-7028063425e-18,-7033479175e-18,-7138365375e-18,-663914775e-17,-6245993925000001e-24,-59502792250000004e-25,-5744978924999999e-24,-56256143500000005e-25,-5585826275e-18,-562103595e-17,-5726173525e-18,-589637515e-17,-61226416499999996e-25,-5545132575e-18,-5036601677250001e-24,-45877173857499995e-25,-41934819687499996e-25,-3849944915e-18,-3551186005e-18,-32933095075e-19,-30736787450000006e-25,-2886862595e-18,-27314245575e-19,-22062643075e-19,-16863706700000001e-25,-1156360375e-18,-6207251749999999e-25,-8818646e-17,43642964000000006e-26,9483842350000001e-25,14456947e-16,19298337249999997e-25,239687425e-17,206745275e-17,1722598225e-18,13817471025e-19,10452542e-16,715217455e-18,3928090225e-19,79337748e-18,-22525101000000002e-26,-5205375749999999e-25,-8052045250000001e-25,-11275341e-16,-1449678725e-18,-17686033750000001e-25,-20840471500000004e-25,-239470675e-17,-2703926325e-18,-301212895e-17,-33184663249999997e-25,-36252676250000003e-25,-3932025475e-18,-4144581500000001e-24,-438302335e-17,-463951725e-17,-49143645000000006e-25,-5203812625e-18,-5506054225e-18,-58178175750000005e-25,-6131859775e-18,-6443722424999999e-24,-6742303800000001e-24,-703807005e-17,-73669407750000005e-25,-771532705e-17,-8071000624999999e-24,-8421455625000001e-24,-8750806175e-18,-9043513025e-18,-928405925e-17,-94558168e-16,-95463311e-16,-9734257475e-18,-9863322449999998e-24,-9925317100000001e-24,-9914771025000002e-24,-983042885e-17,-9673062825e-18,-944896035e-17,-9166775125e-18,-883792095e-17,-847663445e-17,-8174661924999999e-24,-7837093900000001e-24,-7477471574999999e-24,-7104272424999999e-24,-6727782924999999e-24,-6355677850000001e-24,-5993445625e-18,-5646739185e-18,-5319012115000001e-24,-5013028484999999e-24,-46815366575e-19,-4372281812499999e-24,-4085476830000001e-24,-38215025095e-19,-3577518775e-18,-33539964275000003e-25,-31486195225e-19,-2960099529e-18,-27873556824999995e-25,-26293627875e-19,-24264609450000003e-25,-22413606625e-19,-20700003100000004e-25,-1912583815e-18,-17679757099999996e-25,-16343324432500003e-25,-15107769399999998e-25,-13968600815e-19,-12905789975e-19,-11917524647499998e-25,-1015450856e-18,-8495548424999999e-25,-6912710125e-19,-5401915782499999e-25,-3945243700000001e-25,-25316223000000004e-26,-1149068525e-19,20393259999999995e-27,15353345e-17,284793405e-18,4794969499999999e-25,6758183525e-19,873293125e-18,10700203750000001e-25,12690924999999998e-25,14721917e-16,16787371750000003e-25,189130575e-17,211120855e-17,2342062275e-18,268664305e-17,302771325e-17,33766182249999997e-25,3732592625000001e-24,4094603175e-18,44588425749999995e-25,4820768275000001e-24,5178001025e-18,55255371249999994e-25,58510134e-16
-6640297650000001e-25,-6741264719999999e-25,-697247545e-18,-73373733e-17,-7822939600000001e-25,-8451539325000001e-25,-9230160400000002e-25,-1012729825e-18,-11156015625e-19,-12354197675e-19,-13702185275000002e-25,-14284892425000002e-25,-151256495e-17,-16226963749999999e-25,-17621766e-16,-19341694500000004e-25,-21411614e-16,-238567225e-17,-266762245e-17,-29910555499999996e-25,-33586762000000007e-25,-35924636e-16,-3887096725e-18,-424888215e-17,-46807904250000005e-25,-51806278249999994e-25,-573879025e-17,-6347226825e-18,-69993629e-16,-7685506524999999e-24,-8386580374999999e-24,-902363165e-17,-9698308025e-18,-103809526e-16,-110402805e-16,-11624257575000001e-24,-1209142225e-17,-12409976475e-18,-1255395615e-17,-12513327975e-18,-12290393949999999e-24,-12240370849999999e-24,-12003096750000002e-24,-11596609700000001e-24,-1104680865e-17,-103882183e-16,-9656758325e-18,-8887919827499999e-24,-8110914975e-18,-7351221467500001e-24,-6626203947499999e-24,-5854960710000001e-24,-5126490025e-18,-44448335e-16,-38107243475e-19,-32226429150000002e-25,-267765795e-17,-21719445999999997e-25,-170082137e-17,-125965152e-17,-8440307265e-19,-411081205e-18,-11683025000000323e-28,39332555249999996e-26,7776591150000001e-25,11559314999999998e-25,1532401225e-18,19128731249999996e-25,23014695499999998e-25,27006675999999996e-25,311444255e-17,358137115e-17,4064735325e-18,4563922375e-18,50757188749999996e-25,5596460900000001e-24,6120397975e-18,6634781425000002e-24,712905845e-17,758719905e-17,7994707825000001e-24,8288085650000003e-24,8488319050000001e-24,85905926475e-19,85892015125e-19,848416937e-17,8285808625000001e-24,8001133307500001e-24,7642590274999999e-24,7221865759999999e-24,67517834999999995e-25,62769870525e-19,57829018825e-19,52788477925e-19,4774572038249999e-24,4277707325000001e-24,37929856e-16,33235118600000003e-25,28709752225e-19,2436359085e-18,20196106325000003e-25,16403425799999999e-25,1282263035e-18,9408867625e-19,6130976325e-19,29614550025e-20,-1078994999999999e-26,-31188034250000004e-26,-6095543032499999e-25,-9048933499999999e-25,-11983874e-16,-14551069249999998e-25,-1713829075e-18,-1980298225e-18,-22576919999999997e-25,-25452221e-16,-28446987249999995e-25,-31557746000000004e-25,-3481779725e-18,-38192872749999995e-25,-4169778375e-18,-45106981999999996e-25,-48730697e-16,-5248753775e-18,-563056565e-17,-6013840725e-18,-6387828624999999e-24,-6744307825e-18,-707173185e-17,-73582331250000015e-25,-75925384e-16,-7833192575000001e-24,-80140318875e-19,-813560945e-17,-819209915e-17,-8185332450000001e-24,-8113946375e-18,-7976144315e-18,-7776599780000001e-24,-7522673649999998e-24,-7221836675e-18,-6955516654999999e-24,-66518842e-16,-6325055335750001e-24,-5981505115000002e-24,-56300387475e-19,-527650772e-17,-49263758324999995e-25,-458387029425e-20,-4251552685e-18,-39325673275000006e-25,-3626800275e-18,-3335298485e-18,-30590900675e-19,-279778097e-17,-2549945445e-18,-231357663e-17,-20904047757499997e-25,-187727587875e-20,-167302366e-17,-147479012e-17,-128886845775e-20,-111121269025e-20,-9403743325000002e-25,-7747783674999998e-25,-6138878725e-19,-4554993425e-19,-299054295e-18,-14563427075e-20,6549450249999988e-27,15826895999999998e-26,316212815e-18,4756373685e-19,63727095e-17,80134235e-17,9693708499999998e-25,11412570500000001e-25,13173219250000002e-25,149751405e-17,168103125e-17,1869406225e-18,20391222999999998e-25,22197446750000003e-25,2409595125e-18,26103710500000003e-25,281958695e-17,30431389999999996e-25,32826667750000004e-25,35385625e-16,38071867e-16,40893532999999996e-25,43937869999999994e-25,4711255149999999e-24,5045436799999999e-24,5390175325000001e-24,5738475925e-18,60891602e-16,643016965e-17,6753018874999999e-24,7047115999999999e-24,7300976575e-18
-274652025e-17,-2753005775e-18,-281123385e-17,-2919424425e-18,-30779356499999997e-25,-32876576500000003e-25,-354859495e-17,-38602255e-16,-42144547e-16,-46195497249999985e-25,-5073307875e-18,-5121152224999999e-24,-5270921225e-18,-551481015e-17,-585721835e-17,-6285291799999999e-24,-6799268275000001e-24,-7379502900000001e-24,-8002378575e-18,-8647187924999999e-24,-9286306025000002e-24,-9473091574999999e-24,-9838091849999999e-24,-10358649075e-18,-11006685725000002e-24,-11737892500000001e-24,-12476905525000002e-24,-131648821e-16,-13739576025e-18,-14141259899999999e-24,-14333221674999999e-24,-14876811924999998e-24,-1547775835e-17,-16046857000000002e-24,-1650033285e-17,-16764468625000003e-24,-16798618525e-18,-16596008250000002e-24,-16178254550000002e-24,-15589432374999998e-24,-14889998450000002e-24,-14762057575e-18,-14430962725000002e-24,-13930348099999998e-24,-13296443099999998e-24,-12577346824999998e-24,-11819922175e-18,-11066970750000002e-24,-1035462755e-17,-9709494725e-18,-9150423325e-18,-8326330625e-18,-7567996825e-18,-68851672500000005e-25,-6282618725e-18,-57617053e-16,-5322146325e-18,-496188345e-17,-4678086050000001e-24,-4467488e-15,-43275196e-16,-3853128575e-18,-34474708325e-19,-31005999675000003e-25,-28052887724999996e-25,-25554646075000003e-25,-23489781950000002e-25,-218241759e-17,-20504432500000004e-25,-1951353403e-18,-18837804600000003e-25,-13510688825e-19,-8486996500000001e-25,-368804e-15,9331048500000001e-26,5447495324999999e-25,9923194549999999e-25,14440207750000002e-25,19030518749999997e-25,23724662750000002e-25,28524157500000003e-25,32654347749999994e-25,36453152249999997e-25,39893174000000004e-25,428841795e-17,45289906e-16,4716018249999999e-24,4842932745e-18,4908203652499999e-24,49118590849999996e-25,48503703300000005e-25,4442546849999999e-24,40156339075000004e-25,35804728674999995e-25,31404198599999996e-25,27021722225e-19,22673674425000003e-25,18380138425e-19,14158225250000002e-25,999621475e-18,590118435e-18,22071510250000001e-26,-13922907750000002e-26,-4906911449999999e-25,-8359260065e-19,-11777437999999997e-25,-15170654749999998e-25,-1854397625e-18,-2188728625e-18,-25236385749999997e-25,-2859910425e-18,-3082071125e-18,-33194738750000007e-25,-357201795e-17,-3840282425e-18,-41247931749999995e-25,-4420154725000001e-24,-4728152325e-18,-5045522549999999e-24,-536633075e-17,-56862109249999994e-25,-5999071499999999e-24,-6339029249999999e-24,-66919696e-16,-7052721025e-18,-74117195999999996e-25,-7759327725e-18,-8081924525e-18,-836621095e-17,-8596905099999999e-24,-8759729125e-18,-8964896825e-18,-9115092225000001e-24,-9204428899999999e-24,-9225446e-15,-9174506125e-18,-90564131e-16,-8870677575000002e-24,-86258661075e-19,-8328697115e-18,-7993426600000001e-24,-7706882749999999e-24,-7383806274999999e-24,-70373949975e-19,-667610419e-17,-6308777719999999e-24,-59420863424999995e-25,-5581927732499999e-24,-523385135e-17,-490081561425e-20,-458520662275e-20,-4262446668999999e-24,-3957922805e-18,-36740520075e-19,-34094572124999997e-25,-31624298375000004e-25,-29320862625e-19,-27166448274999997e-25,-251534102175e-20,-23261927525000002e-25,-21480312625e-19,-19468534325000003e-25,-17627346400000002e-25,-15886489975e-19,-14246975899999999e-25,-12695641005e-19,-11216080025e-19,-9801327975e-19,-8442284875e-19,-7134332970000001e-25,-5858027525e-19,-4121965525e-19,-24575855499999996e-26,-8059974000000002e-26,8269348e-17,24560049e-17,40659235500000004e-26,5679346775e-19,72964577e-17,893275025e-18,105970855e-17,1241505675e-18,142899815e-17,16199475250000002e-25,18138472249999998e-25,20111886e-16,221633475e-17,243257515e-17,2661650775e-18,2904955975e-18,31643390750000004e-25,348549665e-17,38128401499999995e-25,414962395e-17,44959119e-16,48483028999999996e-25,52024113000000004e-25,55494817999999995e-25,588916255e-17,6213570625e-18,65078404249999995e-25
-705063425e-17,-6963762100000001e-24,-70294009e-16,-7226499475e-18,-754961485e-17,-7986152550000001e-24,-85213951e-16,-9126948749999999e-24,-9771749949999999e-24,-10418414674999999e-24,-11028329175000002e-24,-11052901325e-18,-112768564e-16,-1169195555e-17,-12258542525e-18,-12920474350000002e-24,-135990817e-16,-1422212815e-17,-14706375899999997e-24,-15004870924999997e-24,-15090753825000002e-24,-152237976e-16,-1561263675e-17,-16199021499999997e-24,-16879020250000002e-24,-17520471749999998e-24,-18011059999999998e-24,-18261724499999998e-24,-18222311e-15,-1789596075e-17,-17317614574999997e-24,-17770983e-15,-18308013749999998e-24,-188203535e-16,-19182302e-15,-19314120000000002e-24,-1917642375e-17,-1878244e-14,-1817629725e-17,-17436718000000002e-24,-1664762475e-17,-16458717e-15,-1606971325e-17,-155100745e-16,-14827976999999998e-24,-14081415525000001e-24,-13327471275e-18,-12615527625e-18,-11983299025e-18,-11457016950000001e-24,-11053197499999998e-24,-10216609725e-18,-9464967199999999e-24,-8814555750000001e-24,-827595245e-17,-785321735e-17,-754787505e-17,-7357915625e-18,-7280253399999999e-24,-730992225e-17,-7441082825000001e-24,-694086035e-17,-6550089499999999e-24,-6260866675e-18,-6067574150000001e-24,-59644019500000004e-25,-5944941325e-18,-60042531e-16,-61355685250000005e-25,-6333263125e-18,-65892560750000005e-25,-6004828185375e-21,-549558483e-17,-505238381e-17,-46707987374999994e-25,-4347303742e-18,-4074769375000001e-24,-385021683e-17,-36682137220000004e-25,-35290834925000004e-25,-3424982045e-18,-28947495750000004e-25,-23619442000000003e-25,-18143790074999999e-25,-12609097e-16,-7083036575000001e-25,-15730232500000003e-26,38492587574999997e-26,9148585125e-19,143742316375e-20,19481437750000002e-25,16231618e-16,129299196e-17,9687104000000002e-25,6542621125e-19,34860636375e-20,51932575e-18,-23576557250000003e-26,-5147098453999999e-25,-784899325e-18,-10452779649999999e-25,-13561816e-16,-16716774000000002e-25,-1983488275e-18,-22910005250000002e-25,-25949517e-16,-2895827625e-18,-3194090475e-18,-34898604e-16,-3785102025e-18,-40795939e-16,-42918192749999995e-25,-452894575e-17,-47859038e-16,-5061293325e-18,-53498748000000006e-25,-5651154175e-18,-59579422e-16,-62661342e-16,-65698661e-16,-6862001299999999e-24,-7159754825000001e-24,-748762135e-17,-7834690925e-18,-8189399175000001e-24,-853832715e-17,-8866085175e-18,-9155226225e-18,-9390031324999999e-24,-9556310100000001e-24,-9639457249999999e-24,-9829193825000001e-24,-9956456225e-18,-1001652135e-17,-10002452849999999e-24,-9913353874999999e-24,-97498823275e-19,-9519552749999999e-24,-9231243575e-18,-8896352674999999e-24,-852864065e-17,-8223007824999998e-24,-7882135125e-18,-7518907074999999e-24,-7143425650000001e-24,-6763694e-15,-63882452999999995e-25,-602330338e-17,-5674036295000001e-24,-53441744725e-19,-5036424545e-18,-470481277e-17,-43951980525000005e-25,-41089371525e-19,-38442689574999995e-25,-3600569175e-18,-33765386262499993e-25,-31701904525e-19,-29813767900000003e-25,-28083563079999996e-25,-26497729205e-19,-24456415425e-19,-22594623625e-19,-208812704e-17,-1929902395e-18,-17843788000000002e-25,-16504069024999997e-25,-15271259974999999e-25,-14133319575e-19,-13074888624999998e-25,-12090393574999999e-25,-103205806e-17,-8652043924999999e-25,-7065949224999999e-25,-5548229125000001e-25,-408570885e-18,-26603365750000007e-26,-12715593425e-20,8702241074999994e-27,14239877425e-20,27492255799999996e-26,47155612e-17,6681460225000001e-25,8662138749999998e-25,1062474175e-18,1260549525e-18,14626295e-16,16680155e-16,18781690499999996e-25,20966924750000005e-25,2325732275e-18,2664456325e-18,30010504999999994e-25,33439333999999995e-25,36926987750000007e-25,40471918500000005e-25,44050666e-16,476368985e-17,5114135075e-18,54577470499999996e-25,5780872374999999e-24
-6777651025000001e-24,-6713370475e-18,-67899272e-16,-6992491175e-18,-731221315e-17,-7743846425000002e-24,-82716206e-16,-8872240025e-18,-9512492275e-18,-10157733675e-18,-10780915924999999e-24,-10798241674999999e-24,-11017545825e-18,-1142299785e-17,-11981469725000001e-24,-1263434725e-17,-133102265e-16,-13932947024999998e-24,-14430726225e-18,-14746549025e-18,-14852586050000004e-24,-14983046724999998e-24,-15377664724999997e-24,-15971855175e-18,-1665761625e-17,-17311302e-15,-17820376999999998e-24,-1809476275e-17,-180870015e-16,-1778952825e-17,-17243425425000003e-24,-1769952425e-17,-18242726e-15,-187524695e-16,-1911633925e-17,-19251401e-15,-191203645e-16,-18730034e-15,-18132635249999998e-24,-17401289e-15,-1661891675e-17,-164282775e-16,-16038757750000004e-24,-154816995e-16,-14803283250000002e-24,-14063148249999998e-24,-13315900425e-18,-12609991900000002e-24,-11982488875e-18,-1145877185e-17,-11054823999999999e-24,-10217315724999998e-24,-9462849524999999e-24,-8811192925000001e-24,-8270449650000001e-24,-7845536675e-18,-753786435e-17,-7345769200000002e-24,-7266160875e-18,-7294290375000002e-24,-7423806675000001e-24,-6922858524999999e-24,-653088055e-17,-62403607249999996e-25,-6045066749999999e-24,-5939575075e-18,-5918276875e-18,-5974894174999999e-24,-61033040250000015e-25,-6297955475e-18,-6550715675e-18,-596811614e-17,-5458708341250001e-24,-5015778915e-18,-4632690325e-18,-430698120225e-20,-4032233475e-18,-380387827e-17,-36192650375e-19,-34758857649999997e-25,-337051815e-17,-28424011425e-19,-23089577000000004e-25,-1763694975e-18,-12110958125e-19,-6593635750000001e-25,-11105517500000002e-26,42931159e-17,95941463e-17,1476895575e-18,1985393425e-18,16630122250000001e-25,13317534325000002e-25,10079128675e-19,6937654375e-19,38866692500000007e-26,9239284999999998e-26,-194391435e-18,-4719722462499999e-25,-74147089e-17,-10015281680000002e-25,-1312977225e-18,-1628513525e-18,-194223795e-17,-225292745e-17,-25605103000000004e-25,-2864573525e-18,-31672567500000003e-25,-3466914075e-18,-37658222e-16,-40638822e-16,-4273428025e-18,-45101308e-16,-4766047325e-18,-50377061249999996e-25,-5323871775e-18,-56222033250000005e-25,-59282617e-16,-6234582225e-18,-6535539525e-18,-68266843e-16,-712168155e-17,-7450435524999999e-24,-779717955e-17,-8152000025000001e-24,-8500105100000002e-24,-8829808125000002e-24,-91214638e-16,-9358916474999999e-24,-9529616475e-18,-9617843124999999e-24,-98003505e-16,-9922629775e-18,-9982391575e-18,-9967482050000001e-24,-98794723e-16,-97196359e-16,-9491577875e-18,-9205987674999999e-24,-8874863900000001e-24,-8511481775e-18,-821002245e-17,-7871122725e-18,-7510638325e-18,-7137464299999999e-24,-6761375750000001e-24,-6388361274999999e-24,-6025968525000001e-24,-56787930250000005e-25,-53506905475e-19,-50442273825e-19,-47120268874999995e-25,-440177775e-17,-41157846725e-19,-38510109125e-19,-3607776696e-18,-33844543525e-19,-31798226175e-19,-29924050199999997e-25,-28213548437499998e-25,-26646401025000004e-25,-24615136650000002e-25,-22748441975e-19,-21040823225e-19,-19469288699999997e-25,-1802339035e-18,-166978286e-17,-15477937552499998e-25,-14356692499999998e-25,-13318301375e-19,-12354255325e-19,-10574652925e-19,-8907450650000001e-25,-731273645e-18,-5790399225e-19,-43291920250000006e-26,-29074670399999996e-26,-151382555e-18,-15987297499999992e-27,117235717425e-21,24929339500000005e-26,44466703925000007e-26,6413523724999999e-25,8399064249999999e-25,103726765e-17,12361811499999997e-25,1439239875e-18,16457398750000001e-25,18567739249999998e-25,2075150775e-18,23045951e-16,26445025249999997e-25,2983123225e-18,3328386475e-18,3679741e-15,40342415249999996e-25,4392350625e-18,4751713374999999e-24,51079162749999995e-25,5451008174999999e-24,5778062500000001e-24
272501663e-17,263960807275e-20,26258853680000003e-25,266662899e-17,27601005749999998e-25,290503265e-17,3103906475e-18,3358204125e-18,36663819e-16,40298779999999995e-25,4450171175e-18,4370311100000001e-24,4377601975e-18,4469183725e-18,46480519000000005e-25,491240105e-17,5265546475e-18,5698784575000001e-24,62064446e-16,6768310275e-18,7360814249999999e-24,7070973449999999e-24,6945265249999999e-24,6964276425e-18,7128986649999999e-24,7437003549999999e-24,78777012e-16,8439687674999999e-24,91054352e-16,9842401875e-18,10616109e-15,97588529e-16,907988705e-17,85705343e-16,8226091575000001e-24,8044093025e-18,8015360450000001e-24,8131098e-15,8383061725e-18,8757039325e-18,923374015e-17,8703774974999999e-24,8104459824999999e-24,74281397875e-19,66831553975000005e-25,58884954325e-19,5063876275e-18,4224565924999999e-24,338328105e-17,25483087925e-19,17282052094999999e-25,2290179215e-18,28513453725000003e-25,33966676375e-19,3923824325000001e-24,4427018225e-18,4903845825e-18,5350016925e-18,575631225e-17,6114687775000001e-24,64137258500000015e-25,6754399575e-18,7150486900000001e-24,7583540375e-18,8040064075e-18,8502883375e-18,895350425e-17,9369756825e-18,9730423975000001e-24,10014356225000001e-24,10204537274999999e-24,1059487985e-17,110276285e-16,114668728e-16,11882291225e-18,12238193425000001e-24,12502796974999999e-24,12653820874999997e-24,12673315699999998e-24,12557599150000001e-24,12314973849999999e-24,12479517249999999e-24,12539075575000003e-24,12475696450000002e-24,12285627075000003e-24,1197766075e-17,11569364749999999e-24,1108533305e-17,10551344099999998e-24,9993763675e-18,9435200574999999e-24,8890359225e-18,8333103499999999e-24,7776984025000001e-24,72354345175000004e-25,67187247875e-19,6234954527500001e-24,5790322825e-18,53886917099999995e-25,50313109499999995e-25,471993977e-17,4290873175000001e-24,3906812840000001e-24,3562590455e-18,32546092649999997e-25,298022137e-17,27364936125e-19,25206240125e-19,23296747775e-19,21586354815e-19,20076996075e-19,17074958325e-19,1431238875e-18,11730654225e-19,9307592000000001e-25,699720505e-18,4772236475000001e-25,2601597375e-19,455627575e-19,-16841379999999999e-26,-3843445325e-19,-7654517345e-19,-1150914225e-18,-15399898999999997e-25,-1933737675e-18,-23301585500000005e-25,-273092185e-17,-31335558e-16,-35378095999999997e-25,-3942548725000001e-24,-4345151425e-18,-4655844e-15,-492814195e-17,-51609491e-16,-5353346224999999e-24,-55005881250000006e-25,-55962995599999995e-25,-5644007119999999e-24,-5641356765e-18,-55864696950000004e-25,-54830315635e-19,-5250603712500001e-24,-4992e-12,-47107397917500006e-25,-441214409e-17,-4105375175e-18,-3792065325e-18,-34763691174999995e-25,-3161612287625e-21,-28499010474999994e-25,-25416893374999997e-25,-225190845e-17,-19743386825e-19,-1706736165e-18,-14488781719999999e-25,-11993925175e-19,-9582757297499999e-25,-7250148275000001e-25,-4972195275e-19,-27278084749999996e-26,-52205824999999994e-27,1060934295e-19,26792492625000004e-26,4333617375000001e-25,6022456707499999e-25,7744212225e-19,950554619e-18,11284388175e-19,13105329250000001e-25,14961594000000002e-25,1687032275e-18,18106757499999999e-25,19468289500000005e-25,20927216000000003e-25,2247852975e-18,24141979500000004e-25,258886205e-17,277411645e-17,2967234025e-18,31714024249999996e-25,33824873000000003e-25,3534661075e-18,37133966249999998e-25,3914028325000001e-24,4134900075e-18,4374204424999999e-24,4635941900000001e-24,491334155e-17,5202803399999999e-24,5500246175e-18,579571735e-17,6077966800000001e-24,6380766825e-18,67061534e-16,7045390099999999e-24,7391589899999999e-24,77309834e-16,804823235e-17,8331754925000001e-24,8566973324999998e-24,8739763725e-18
-15460618625e-19,-15257621157499998e-25,-15387577805000003e-25,-157713644e-17,-16420063050000002e-25,-17376430174999999e-25,-18636882525000004e-25,-20225796999999998e-25,-2213324375e-18,-24411116e-16,-26935923500000003e-25,-27579549000000003e-25,-286926e-14,-302841735e-17,-32425823499999997e-25,-3511316225e-18,-38403514999999995e-25,-4227106475e-18,-46691131e-16,-5170845975e-18,-5724191825e-18,-5934661074999999e-24,-6255614449999999e-24,-668176405e-17,-72116465e-16,-7823269924999999e-24,-849401045e-17,-91896851e-16,-988047045e-17,-10531476e-15,-11112744275e-18,-11719129925000001e-24,-12377703225e-18,-13038574925e-18,-13636339e-15,-14114648924999999e-24,-14417789900000001e-24,-14518409125e-18,-14406035924999999e-24,-14086611425e-18,-13586419025e-18,-13499901899999999e-24,-13210882975000002e-24,-12750576100000002e-24,-12152763675000003e-24,-1145757355e-17,-1070737975e-17,-9941959575e-18,-9193346624999998e-24,-8488032e-15,-78438174e-16,-7043000050000001e-24,-6295680200000001e-24,-5609460475e-18,-4985108125000001e-24,-44225005275000005e-25,-39194699499999995e-25,-34724293e-16,-30784386439999995e-25,-27329835675000002e-25,-24326530295000003e-25,-19795737874999998e-25,-15698615024999998e-25,-11933334852500002e-25,-84369239e-17,-515360965e-18,-20426445449999997e-26,9423117e-17,3854087150000001e-25,6744432349999999e-25,966201925e-18,14726224500000002e-25,19768408e-16,248469485e-17,29957314499999996e-25,35127750249999996e-25,4035025775000001e-24,45641226000000006e-25,50967719e-16,562070355e-17,6133351975e-18,6474955275e-18,67465401e-16,6936593549999999e-24,70387360324999995e-25,70521047049999994e-25,69739580675e-19,68112990294000015e-25,65703911475e-19,6260753174999999e-24,58945373600000004e-25,5441558329999999e-24,4974692125e-18,44943379675e-19,40121737575e-19,35352371349999996e-25,30645851075e-19,2604907775e-18,21550406074999997e-25,17165467225e-19,12890502774999999e-25,919570755e-18,5638146824999999e-25,21864745899999998e-26,-11837564574999998e-26,-44942454325e-20,-7761828275000001e-25,-1100687825e-18,-14225423e-16,-17437211499999998e-25,-20642140750000003e-25,-230519545e-17,-2555868925e-18,-28201394000000004e-25,-30967742499999995e-25,-33853720499999997e-25,-36862974750000004e-25,-4000304324999999e-24,-4325689725e-18,-4658966925e-18,-49973677e-16,-5326725725e-18,-5679085125e-18,-6045075725000001e-24,-6420333975e-18,-67953648499999995e-25,-71594116499999995e-25,-74995585e-16,-7804319975e-18,-80617661e-16,-82568165e-16,-8481197125e-18,-86440192e-16,-874702015e-17,-8783103075000001e-24,-87517429e-16,-86499038925e-19,-8481294777499999e-24,-82487319275e-19,-7963407699999999e-24,-7635853295e-18,-7359502475e-18,-70439847800000005e-25,-67051043000000005e-25,-63516784402499994e-25,-59907485000000006e-25,-56299445499999995e-25,-5275263145e-18,-49303336325e-19,-459837439e-17,-4281289365e-18,-3966446104e-18,-36677092775e-19,-3386714855e-18,-31230897999999997e-25,-287493632575e-20,-26417847975e-19,-2422821905e-18,-221645175e-17,-20209884405e-19,-18347024637499998e-25,-16417914375000002e-25,-14594230822500001e-25,-12865529169999998e-25,-11216431025e-19,-9638900542499999e-25,-810704635e-18,-6615275025000001e-25,-5166490943999999e-25,-37517534025e-20,-2351051675e-19,-649675475e-19,10124922299999998e-26,26879105525000004e-26,43665763750000004e-26,6056324329999999e-25,77759455e-17,9517485925e-19,11282822499999998e-25,1307530325e-18,14887178e-16,16679769000000001e-25,18512177500000003e-25,2042450075e-18,22394744249999997e-25,24435210999999998e-25,26578205999999996e-25,2883821125e-18,31244656250000003e-25,33812898750000004e-25,36532041250000002e-25,39684555750000004e-25,42972962e-16,4633839574999999e-24,49806287750000004e-25,53371753e-16,56922249999999995e-25,6039270275e-18,6378729350000001e-24,66977623e-16,69819202e-16
15080387e-16,14669794725e-19,146321328075e-20,14918917125e-19,15507472390000002e-25,16385818645000002e-25,17556687750000002e-25,19028140749999996e-25,2079385525e-18,22819526750000004e-25,25117816250000003e-25,2441140175e-18,24181108249999995e-25,24387176749999997e-25,2505725475e-18,262014385e-17,2780554025e-18,298899e-14,32427558000000004e-25,35443463e-16,3902460325000001e-24,36331540249999996e-25,3445331475e-18,33316109250000005e-25,3291519975e-18,33226877250000003e-25,34215613500000008e-25,358925085e-17,3818287375e-18,4115806675e-18,4472931474999999e-24,36786625825e-19,2952952885e-18,22742428374999997e-25,16345199999999999e-25,1027503315e-18,44555105000000005e-26,-11854954999999998e-26,-670596025e-18,-12084542987499998e-25,-17427164e-16,-20666831999999995e-25,-23094885249999996e-25,-25073638500000003e-25,-26644545e-16,-27875297999999997e-25,-28760896500000004e-25,-29318384499999996e-25,-29566021624999996e-25,-29507348e-16,-29153343924999996e-25,-22659481824999997e-25,-16297638625000002e-25,-10177099799999997e-25,-43033092750000005e-26,134547575e-18,678669258e-18,12050684425e-19,17133674000000003e-25,2206954425e-18,2688582875e-18,30388159e-16,34125097999999994e-25,38074978000000005e-25,4221461075e-18,4654399375e-18,5104022225e-18,5567765325000001e-24,60410622750000005e-25,6515672574999999e-24,6984584849999999e-24,7410489800000001e-24,786896925e-17,8345198525e-18,8820820625000001e-24,9275093375e-18,9685381525e-18,100298358e-16,10286380275e-18,10433990525e-18,10462294199999999e-24,10687502299999998e-24,108076022825e-19,10809894475000001e-24,10697495475e-18,10471648100000001e-24,10145599375000001e-24,973613327e-17,9261697249999999e-24,87456876e-16,8204748225e-18,769752255e-17,7165494337500001e-24,6631091700000001e-24,6103420938e-18,558927707e-17,50963710100000004e-25,46294818597499996e-25,4191135315e-18,3783202660000001e-24,34059133014999995e-25,29980589425e-19,26244812675e-19,2279324465e-18,195879893e-17,16606457125000001e-25,1381659615e-18,11190146275e-19,8695751725000002e-25,6295343874999999e-25,39861569499999997e-26,12190841500000004e-26,-14821816e-17,-416126644275e-21,-6850683725e-19,-95593165e-17,-1231961425e-18,-15141466750000002e-25,-1803725125e-18,-2102072e-15,-24119696499999998e-25,-2766330025e-18,-31290257e-16,-3500814625e-18,-38788686e-16,-4261932e-15,-4647142725e-18,-50296635500000005e-25,-54024841e-16,-5757441325e-18,-60884788750000005e-25,-635834325e-17,-65817995e-16,-67475755175e-19,-6857321225e-18,-691242765e-17,-69073920774999995e-25,-6847590675e-18,-6734308275e-18,-6572061000000001e-24,-6361424242499999e-24,-6101876922499999e-24,-5816101990250001e-24,-55049043950000005e-25,-5178751378775e-21,-4844799375e-18,-4504940525e-18,-41656482975e-19,-383162653835e-20,-35039228999999997e-25,-31842385850000008e-25,-28848899125000005e-25,-25999395775e-19,-23259463825e-19,-20631440674999997e-25,-181008859325e-20,-15672928400000001e-25,-13327289925e-19,-11054927500000001e-25,-8837933874999999e-25,-6667220200000001e-25,-4875849850000001e-25,-3132920265e-19,-1399687375e-19,33452897500000013e-27,208184005e-18,38262606499999995e-26,5562811462500001e-25,7317317500000001e-25,910515025e-18,10923337e-16,12313058999999999e-25,13781883249999999e-25,15288484749999999e-25,16847296500000001e-25,18484407750000001e-25,20214924e-16,22020431e-16,23890657249999998e-25,2583458875e-18,2786435675e-18,29520266250000004e-25,313685085e-17,3338684725e-18,35566828250000002e-25,3793325699999999e-24,4048083175e-18,4317673774999999e-24,4599636675e-18,4894023499999999e-24,5190739025e-18,5478404775000001e-24,57797151000000005e-25,6101187425e-18,64374903249999996e-25,67827864250000004e-25,7127818424999999e-24,745705905e-17,7758066925000001e-24,80181971e-16,8226546250000002e-24
-53017754e-16,-5284166824999999e-24,-5367729275e-18,-554924585e-17,-5826190074999999e-24,-6192906374999999e-24,-6632135725e-18,-7131493674999999e-24,-76810786e-16,-8259364950000001e-24,-884259255e-17,-88801649e-16,-9080831575000001e-24,-94427226e-16,-9956304074999999e-24,-10590874525e-18,-11303845500000002e-24,-12038402425000001e-24,-127321115e-16,-13323028674999998e-24,-13762589449999998e-24,-13912130025e-18,-143127867e-16,-14892553325e-18,-1555305225e-17,-16183228999999997e-24,-16679212499999997e-24,-16966052025e-18,-16991782300000003e-24,-16753536700000002e-24,-162804606e-16,-16769191e-15,-1733354525e-17,-17875023000000004e-24,-18283523500000002e-24,-18483536e-15,-18430072500000002e-24,-18122878e-15,-17598852e-15,-169209145e-16,-16162756000000002e-24,-15987336e-15,-15611605999999998e-24,-1506561775e-17,-14395151275000002e-24,-136537984e-16,-128964088e-16,-12170437325e-18,-1151400845e-17,-10954230325000001e-24,-105075442e-16,-9673461375000001e-24,-891813055e-17,-82565577e-16,-7697381324999999e-24,-7243887725000001e-24,-6897120999999999e-24,-6655822175e-18,-6517133125e-18,-647714985e-17,-65316493e-16,-6039313e-15,-56438899e-16,-5337282425e-18,-5112550750000001e-24,-4963984025e-18,-4887773775e-18,-4878255375e-18,-493306265e-17,-5048938875e-18,-522064255e-17,-4649258432500001e-24,-41373607849999995e-25,-36776931525e-19,-32631329575000005e-25,-289018374e-17,-25495995025e-19,-22388134800000002e-25,-19500861325e-19,-16803675924999998e-25,-14237207400000001e-25,-9212711060000001e-25,-42695495249999994e-26,7622304999999999e-26,5771869175e-19,1070102695e-18,15471664750000003e-25,200557015e-17,244574885e-17,2851735475e-18,322666075e-17,2871314075e-18,2498461655e-18,2120296028e-18,17425152799999998e-25,136869459825e-20,999683595e-18,63752056e-17,283529665e-18,-6143431999999999e-26,-3966877775e-19,-74724021625e-20,-1093509125e-18,-14329224e-16,-1767276425e-18,-20976507000000003e-25,-2423769125e-18,-2745162e-15,-3062421075e-18,-33775783500000005e-25,-369124215e-17,-3904981025e-18,-413990825e-17,-43909160249999995e-25,-4658282025000001e-24,-49411500250000005e-25,-5235069449999999e-24,-5539310375e-18,-5849022774999999e-24,-6157706950000001e-24,-6459525724999999e-24,-67630917750000015e-25,-7094142175000001e-24,-7441367525e-18,-7796633025e-18,-8147567675e-18,-8481082924999999e-24,-8783113000000001e-24,-9037984725e-18,-9229860599999999e-24,-93440962e-16,-9537399725e-18,-96710025e-16,-97414011e-16,-9738496674999998e-24,-9663510175e-18,-95160986325e-19,-9302260675e-18,-9028809325e-18,-87091853e-16,-8354546099999999e-24,-8056844099999999e-24,-7721346e-15,-7364684725e-18,-699456825e-17,-66195463750000005e-25,-6248077622499999e-24,-58861025875e-19,-5538727605e-18,-52093219125e-19,-4900435825e-18,-45726817475000006e-25,-4265028331375e-21,-397957686475e-20,-37149009824999994e-25,-347009571475e-20,-32442775575e-19,-3035323995e-18,-28427388023e-19,-266527814375e-20,-25007843325e-19,-22972128025e-19,-21111397225e-19,-193842429e-17,-1777933375e-18,-16292158874999998e-25,-14906326549999998e-25,-136167056725e-20,-12410846099999999e-25,-112747817925e-20,-10194686475e-19,-8423839849999999e-25,-6752020712500001e-25,-5136323575e-19,-358552435e-18,-20805465749999996e-26,-5983149500000002e-26,85687797625e-21,22960633000000004e-26,3715232e-16,5138869277499999e-25,7076111249999999e-25,9018792250000001e-25,1099346225e-18,12973560000000001e-25,14983835249999998e-25,17054384750000002e-25,1919528075e-18,21399366499999997e-25,237023135e-17,26143111249999998e-25,295214085e-17,32888928500000003e-25,36325789000000008e-25,3984415725e-18,43461071e-16,470924535e-17,5076654724999999e-24,5434662799999999e-24,5776179725e-18,60954656000000005e-25
-8001559974999998e-24,-78981149e-16,-7969926375e-18,-81902828e-16,-855035325e-17,-9030097875e-18,-96085733e-16,-10255396750000001e-24,-1092820525e-17,-11577201500000001e-24,-12164406075e-18,-12161070375e-18,-12387063699999999e-24,-12815155525e-18,-13391871874999999e-24,-14038585949999999e-24,-14671533150000002e-24,-15199662175e-18,-15562655575e-18,-1570546415e-17,-15619797849999996e-24,-15731241850000002e-24,-161133105e-16,-1670574075e-17,-17393853999999997e-24,-18044657e-15,-18535232500000003e-24,-1877500375e-17,-18713572249999998e-24,-18351110575e-18,-17734407699999998e-24,-1817156575e-17,-1870319525e-17,-1920312825e-17,-195489605e-16,-19656016e-15,-1948593075e-17,-19059742249999998e-24,-1842621425e-17,-17665382e-15,-1686860625e-17,-1667548025e-17,-1627895775e-17,-15710137e-15,-1501760665e-17,-14262562499999998e-24,-13503456625e-18,-12790854425e-18,-1216275445e-17,-11646187725e-18,-11256300824999999e-24,-104184599e-16,-9668155125000001e-24,-902353305e-17,-8493791425e-18,-8084004975000001e-24,-7795435775e-18,-7626251575e-18,-7572577675e-18,-762880855e-17,-7787977749999999e-24,-7287885750000001e-24,-6901945875e-18,-6622551425e-18,-6444233725000001e-24,-636017465e-17,-6364144725e-18,-6450079124999999e-24,-6610513525000001e-24,-68373790999999995e-25,-7120233149999999e-24,-65319234525e-19,-6023590117499999e-24,-5588624535e-18,-52200796575e-19,-491702689e-17,-467453869e-17,-44865198e-16,-4350863268e-18,-42651696625e-19,-42273790375e-19,-36847761e-16,-31391146925e-19,-25775121174999997e-25,-200673688e-17,-1431646275e-18,-8560222325000001e-25,-2828822525e-19,2829756125000001e-25,8433415225e-19,1397608875e-18,109716125e-17,7930677125e-19,5009107670000001e-25,22265636500000002e-26,-4342692625000001e-26,-2985004775e-19,-54082049e-17,-7717356e-16,-9925160750000002e-25,-1201945e-15,-14931803250000001e-25,-179507365e-17,-2098995175e-18,-24020464750000005e-25,-27033976999999997e-25,-30023598000000003e-25,-3298742675e-18,-3593223725e-18,-3887066499999999e-24,-417783125e-17,-43778994000000006e-25,-4608258925e-18,-48586998e-16,-51270616249999996e-25,-5411015225e-18,-5704301225000001e-24,-6005093575e-18,-63088343000000006e-25,-6609038575e-18,-69012779e-16,-7192003725e-18,-7516743649999999e-24,-7863561775e-18,-8218548975e-18,-8566626675000001e-24,-889569155e-17,-9187677075e-18,-942375035e-17,-9590684175e-18,-967644925e-17,-98638667e-16,-9984694775e-18,-10041057025e-18,-10024798599999999e-24,-993544865e-17,-9771838375e-18,-9542323724999998e-24,-9254514149999999e-24,-8922138575000001e-24,-8556460375e-18,-8252822650000002e-24,-7910959700000001e-24,-7547477525e-18,-7171091925e-18,-6792093124999999e-24,-6416813625000001e-24,-60524259499999995e-25,-57034036275e-19,-53738115925e-19,-50664324875e-19,-47334889625e-19,-44226594675e-19,-41354698824999994e-25,-387034284075e-20,-362622717925e-20,-34023330875e-19,-319705779e-17,-3009388725e-18,-28375706624999998e-25,-26810529925000002e-25,-24779292725e-19,-2291845503e-18,-21203212225e-19,-19630966799999997e-25,-18187259899999997e-25,-168611334e-17,-15646745799999999e-25,-1453128645e-18,-13501564195e-19,-125445805e-17,-10773101475e-19,-9136480925e-19,-7582489777499999e-25,-60995562e-17,-4674760325e-19,-3294082015e-19,-19528921749999998e-26,-64989385e-18,6445483250000002e-26,19096650750000002e-26,38605509125e-20,58343956e-17,78193401e-17,9799579250000002e-25,1178680425e-18,13803591500000001e-25,15863593e-16,17971518000000003e-25,201560785e-17,2244343925e-18,25902354e-16,293397645e-17,3285161375e-18,364243495e-17,40033803e-16,4365321950000001e-24,4726305399999999e-24,5080377399999999e-24,5424507775e-18,574928555e-17
6740303247500001e-24,6617702550000001e-24,6642530074999999e-24,67920679249999994e-25,7064118749999999e-24,7449131500000001e-24,7935713450000001e-24,8507962550000001e-24,9149594425e-18,982433225e-17,10505279050000001e-24,10351107574999999e-24,10417491700000001e-24,106840845e-16,1112907745e-17,117108657e-16,12377140374999999e-24,130590737e-16,13685007725e-18,14192086899999999e-24,145264207e-16,14177212375000001e-24,14160587749999999e-24,14431664225e-18,14931309e-15,15587971e-15,1629561275e-17,1694303775e-17,17422234e-15,1765822425e-17,176016259e-16,1663282775e-17,15984695325e-18,15660443650000003e-24,15645083175000003e-24,15908664000000002e-24,16396041e-15,170247075e-16,17692906749999998e-24,18280939e-15,1868429375e-17,1787585215e-17,16953955174999998e-24,1594849945e-17,14941762264999997e-24,14018055924999999e-24,13242721349999998e-24,12654937900000003e-24,122737729e-16,1210198985e-17,12125958849999998e-24,1256883215e-17,13001475049999998e-24,13345104800000002e-24,13542798875e-18,13556004124999999e-24,13372269500000002e-24,13002787599999998e-24,12481142924999999e-24,11854160362500001e-24,111697850725e-19,1144448605e-17,11809678675000001e-24,12221606575000002e-24,12642338875e-18,13020694675000001e-24,13316340749999999e-24,1349555125e-17,1353556855e-17,134326099e-16,131939801e-16,13526613675000001e-24,13911394200000001e-24,14297562425000002e-24,14635190775e-18,14879227e-15,14995794625e-18,149656153e-16,14786653675000002e-24,14476140199999998e-24,1406150655e-17,14172405575e-18,14169235850000003e-24,14035005025e-18,13767237625e-18,13382694624999999e-24,12907408925000001e-24,12373088625e-18,1181434395e-17,112613371e-16,107396965e-16,1016258885e-17,957459795e-17,8998239225000001e-24,8448339575e-18,7936315275e-18,74726293e-16,7064155124999999e-24,671624935e-17,6430653924999999e-24,6208015474999999e-24,5756501175e-18,536224951e-17,5022114724999999e-24,47330922649999995e-25,4492935505e-18,42984595100000006e-25,4146540335e-18,40364884575e-19,39644596855e-19,3928808455e-18,360504253e-17,33272026575e-19,30870203925e-19,28823039025000002e-25,27074729625000003e-25,25608552575e-19,243413776e-17,23249806025e-19,22274254500000002e-25,21426432875000004e-25,17291908320000002e-25,13271979249999999e-25,9335884e-16,5488341694999999e-25,17184363499999998e-26,-19704736525e-20,-5627769225000001e-25,-9300593094999998e-25,-129636625e-17,-16649271499999999e-25,-2029784775e-18,-23617683750000005e-25,-26698259e-16,-295531955e-17,-32168304749999993e-25,-34523549250000003e-25,-3664534725e-18,-3845994499999999e-24,-3996845475000001e-24,-4117479975e-18,-3929301555e-18,-3719777335e-18,-349173359575e-20,-32485557299999996e-25,-2998100713e-18,-27422311925e-19,-24838810025e-19,-22236721200000004e-25,-19650023774999996e-25,-17064582974999998e-25,-14389563425000002e-25,-11800427724999999e-25,-928726085e-18,-6839957075000001e-25,-44848808250000006e-26,-220485555e-18,6682324999999833e-28,21822274250000001e-26,43358388250000004e-26,6490547924999999e-25,7887360500000001e-25,9413095250000002e-25,1098869025e-18,126128045e-17,1429180475e-18,1601010725e-18,17745176e-16,19516952000000003e-25,21325119000000003e-25,2318710725e-18,24423172000000002e-25,2580604725e-18,27338011999999998e-25,28973438000000002e-25,30736548249999995e-25,3260752849999999e-24,34592152999999997e-25,36686675499999995e-25,388787035e-17,4113154274999999e-24,425903255e-17,4433291100000001e-24,46327211500000005e-25,48586182000000006e-25,5108274949999999e-24,5379758949999999e-24,56724340000000005e-25,5976849825e-18,628779595e-17,659976695e-17,6869042975e-18,7167027049999999e-24,7483896525e-18,78153365e-16,8145377799999999e-24,8459763600000002e-24,8746874975e-18,8984175200000001e-24,916095085e-17,9266395399999999e-24
64596285499999995e-25,6379287600000001e-24,6434240575e-18,660558845e-17,68917559e-16,7283509199999999e-24,7767907625e-18,8319554074999999e-24,8910185600000001e-24,950918065e-17,10084649025e-18,99616614675e-19,10039931892499999e-24,10314790574999999e-24,10761135375e-18,11347468549999999e-24,12027664075e-18,12728709225000001e-24,13380094975000003e-24,13918005250000002e-24,14289922925e-18,13960840650000003e-24,13943285375000002e-24,1420766825e-17,147003755e-16,1533983175e-17,16031730999999998e-24,166579735e-16,17125488e-15,1734983e-14,1729593845e-17,1634794885e-17,15697965025e-18,15366352425000002e-24,15342329250000003e-24,1559602875e-17,16073646250000003e-24,16698487750000004e-24,1737192475e-17,1798199225e-17,1842065625e-17,1761341335e-17,16704019999999998e-24,157041574365e-19,14700107250000001e-24,137741435825e-19,129882729e-16,12384299050000002e-24,1198048815e-17,11780437825e-18,1177438105e-17,12222537724999998e-24,1266589625e-17,130244499e-16,132428207e-16,13284037100000002e-24,131318704e-16,12794730049999997e-24,12303942760000001e-24,117019471889e-19,11037607275e-18,11317343225e-18,116819348e-16,12091197825e-18,12506570499999998e-24,12889075875000001e-24,131896599e-16,13378217299999999e-24,13431152400000002e-24,13342933574999999e-24,13116551325000004e-24,134493632e-16,138351155e-16,14222461400000001e-24,14563499900000002e-24,14811183075000001e-24,14931872675e-18,14907763674999997e-24,14737626300000001e-24,14434760225e-18,140276526e-16,1413886945e-17,14136967825e-18,14003675850000003e-24,13737542825000002e-24,13352695175e-18,1287609995e-17,12340633550000001e-24,11778963725000001e-24,1122181275e-17,106968629e-16,10125630175e-18,9541514200000001e-24,896692265e-17,8418356325000001e-24,7907628574999999e-24,7444331975e-18,70365059999999984e-25,6687810450000001e-24,64009583e-16,6177233574999999e-24,572578095e-17,53324997974999995e-25,4993458377500001e-24,47045922879999995e-25,4464459086499999e-24,42703379525e-19,4119886138000001e-24,40104207395e-19,3938486222500001e-24,39019982999999994e-25,35799945199999992e-25,33043448557500005e-25,30664645860000004e-25,28635568200000003e-25,26892833775e-19,25418104324999995e-25,24160339649999998e-25,2304233015e-18,220905104575e-20,212471172e-17,17099524425e-19,130484461e-17,910615545e-18,5274120274999999e-25,15163508499999998e-26,-21581620999999998e-26,-5797783999999999e-25,-9435683525000001e-25,-13090190499999998e-25,-16765532500000004e-25,-2038140575e-18,-23699309e-16,-2677708575e-18,-2964536425e-18,-32264623500000004e-25,-34656491249999996e-25,-367742185e-17,-3856467975e-18,-4007565849999999e-24,-41280089250000006e-25,-39374703825e-19,-37256524125e-19,-34940474542499998e-25,-325427716775e-20,-300606577225e-20,-2754266245e-18,-24998578225000003e-25,-224350863e-17,-19873803525e-19,-17315813825000002e-25,-14653816625e-19,-12088206225e-19,-95799521e-17,-7136014499999999e-25,-47756865e-17,-2523043215e-19,-3166289000000001e-26,182476955e-18,3947358e-16,60721594e-17,7430423775e-19,89338875e-17,10510141750000002e-25,1213867675e-18,137976475e-17,1550055625e-18,172269365e-17,18987739e-16,20784580749999997e-25,2263772425e-18,23867347e-16,25275456749999995e-25,26813897000000003e-25,2847760825e-18,3025834825e-18,321528385e-17,34170524000000003e-25,36267828250000002e-25,38482080750000005e-25,4073624700000001e-24,4223477325e-18,44003093249999995e-25,460195185e-17,4828266075e-18,50770497e-16,535097875e-17,5644446275e-18,59510678e-16,6263429825e-18,65709249e-16,68369262249999995e-25,71342148499999986e-25,7451471125000002e-24,7781321225e-18,8113123575e-18,84321639e-16,8723532900000001e-24,896726225e-17,915208615e-17,92660953e-16
